Infinitive,English,Type,Conjugation
abair,say,v3,3
ábhraigh,fester,v2a,2
achainigh,entreat,v2b,2
achair,beseech,v1fx,1
achoimrigh,summarize,v2b,2
achomharc,appeal,v1a,1
achtaigh,enact,v2a,2
achtáil,actualize,v1c,1
aclaigh,limber,v2a,2
acmhainnigh,resource,v2b,2
adamhaigh,atomize,v2a,2
adhain,kindle,v1f,1
adhair,adore,v1f,1
adhaltranaigh,adulterate,v2a,2
adharcáil,gore,v1c,1
adhfhuathaigh,dread,v2a,2
adhlaic,bury,v1bx,1
adhmadaigh,timber,v2a,2
adhmhill,destroy utterly,v1b,1
adhmhol,extol,v1a,1
adhnáirigh,shame,v2b,2
admhaigh,acknowledge,v2a,2
aducht,adduct,v1a,1
aeraigh,aerate,v2a,2
aeráil,air,v1c,1
aerchóirigh,air-condition,v2b,2
aeroiriúnaigh,air-condition,v2a,2
aerthriomaigh,air-dry,v2a,2
agaigh,stagger,v2a,2
agaill,interview,v1bx,1
agair,plead,v2c,2
aghloit,deface,v1b,1
agóid,object,v1b,1
aibhligh,scintillate,v2b,2
áibhligh,magnify,v2b,2
aibhsigh,emphasize,v2b,2
aibigh,ripen,v2b,2
aiceannaigh,accent,v2a,2
aicéitiligh,acetylate,v2b,2
aicmigh,classify,v2b,2
aifir,rebuke,v2d,2
aigéadaigh,acidify,v2a,2
aigéadeitseáil,acid-etch,v1c,1
aighnigh,submit,v2b,2
ailínigh,align,v2b,2
áilligh,beautify,v2b,2
ailsigh,carcinify,v2b,2
ailtéamaigh,altemate,v2a,2
aimhriar,disorder,v1a,1
aimpligh,amplify,v2b,2
aimridigh,sterilize,v2b,2
aimsigh,aim,v2b,2
ainbheir,■ abort,v1b,1
ainéal,anneal,v1a,1
ainéistéisigh,anesthetize,v2b,2
ainic,protect,v1b,1
ainimhigh,disfigure,v2b,2
ainligh,guide,v2b,2
ainmnigh,name,v2b,2
ainteagmhaigh,molest,v2a,2
airbheartaigh,purport,v2a,2
aireachasaigh,mind,v2a,2
airg,invent,v1b,1
airgeadaigh,silver,v2a,2
airigh,perceive,v2b,2
áirigh,count,v2b,2
áirithigh,ensure,v2b,2
airlic,lend,v1bx,1
aisbhreathnaigh,look back,v2a,2
aisc,ask,v1b,1
aischéimnigh,regress,v2b,2
aischrosáil,backcross,v1c,1
aischuir,restore,v1b,1
aisdúichigh,repatriate,v2b,2
aiséiligh,reclaim,v2b,2
aiséirigh,rise again,v2b,2
aiseitil,fly back,v2d,2
aisfheistigh,retrofit,v2b,2
aisfhill,retroflex,v1b,1
aisfhreagair,retort,v2c,2
aisfhuaigh,backstitch,v1d,1
aisfhuaimnigh,reverberate,v2b,2
aisghabh,retake,v1a,1
aisghair,abrogate,v1b,1
aisghníomhaigh,retroact,v2a,2
aisig,restore,v1bx,1
áisigh,facilitate,v2b,2
aisíoc,repay,v1a,1
aisiompaigh,reverse,v2a,2
aisléasaigh,lease back,v2a,2
aisléim,recoil,v1b,1
ais-ling,spring back,v1b,1
aislíon,backfill,v1a,1
aisphostáil,postback,v1c,1
aisphreab,rebound,v1a,1
ais-suiteáil,retrofit,v1c,1
aistarraing,withdraw,v2e,2
aistrigh,move,v2b,2
aitheasc,address,v1a,1
aithin1,recognize,v2d,2
aithin2,bid,v2d,2
aithisigh,slur,v2b,2
aithris,recite,v2e,2
áitigh,occupy,v2b,2
aitim,beseech,v5,5
aitreoigh,divert,v1d,1
áitrigh,inhabit,v2b,2
allasaigh,sweat,v2a,2
allmhairigh,import,v2b,2
alp,devour,v1a,1
alt,articulate,v1a,1
altaigh,give thanks,v2a,2
altramaigh,foster,v2a,2
alúmanaigh,aluminize,v2a,2
amaigh,time,v2a,2
amasaigh,putt,v2a,2
amhantraigh,speculate,v2a,2
amharc,look,v1a,1
amhastraigh,bark,v2a,2
amhlabhair,subvocalize,v2c,2
amhrán,sing a song,v1a,1
amplaigh,crave,v2a,2
anailisigh,analyze,v2b,2
análaigh,breathe,v2a,2
anamaigh,ensoul,v2a,2
anamnaigh,animate,v2a,2
anastómaisigh,anastomose,v2b,2
anbhainnigh,enfeeble,v2b,2
anluchtaigh,overload,v2a,2
anóidigh,anodize,v2b,2
anótáil,annotate,v1c,1
ansmachtaigh,bully,v2a,2
aoirigh,shepherd,v2b,2
aol,lime,v1a,1
aoldathaigh,whitewash,v2a,2
aom,attract,v1a,1
aonraigh,isolate,v2a,2
aontaigh,unite,v2a,2
aor,satirize,v1a,1
aosaigh,age,v2a,2
aothaigh,pass crisis,v2a,2
árachaigh,insure,v2a,2
ardaigh,raise,v2a,2
arg,destroy,v1a,1
argóin,argue,v1bx,1
armáil,arm,v1c,1
armónaigh,harmonize,v2a,2
arsa,said,v5,5
ársaigh1,grow old,v2a,2
ársaigh2,teU,v2a,2
asáitigh,dislodge,v2b,2
asaltaigh,dislocate,v2a,2
asamhlaigh,assimilate,v2a,2
asanálaigh,exhale,v2a,2
asbhain,deduct,v1b,1
asbheir,deduce,v1b,1
áscaigh,instantiate,v2a,2
ascain,proceed towards,v2c,2
ascalaigh,oscillate,v2a,2
aslaigh,induce,v2a,2
aslonnaigh,evacuate,v2a,2
asphóraigh,outbreed,v2a,2
astaigh’,attach,v2a,2
astaigh2,emit,v2a,2
asúigh,aspirate,v1d,1
at,swell,v1a,1
ataifead,rerecord,v1a,1
atáirg,reproduce,v1b,1
ataisc,re-margin,v1b,1
ataispeáin,reappear,v1bx,1
atarchuir,retransmit,v1b,1
atarlaigh,recur,v2a,2
atarraing,redraw,v2e,2
atástáil,retest,v1c,1
atáthaigh’,reweld,v2a,2
atáthaigh2,lay back,v2a,2
atéigh,reheat,v1e,1
ateilg,recast,v1b,1
athachtaigh,reenact,v2a,2
athadhain,rekindle,v1f,1
athadhlaic,reinter,v1bx,1
athaicmigh,rezone,v2b,2
athaimsigh,rediscover,v2b,2
athainmnigh,rename,v2b,2
atháitigh,reoccupy,v2b,2
athallmhairigh,reimport,v2b,2
athaol,relime,v1a,1
athaontaigh,reunite,v2a,2
atharmáil,rearm,v1c,1
athbhaist,rename,v1b,1
athbheoigh,revive,v1d,1
athbhoilscigh,reflate,v2b,2
athbhreithnigh,review,v2b,2
athbhreoslaigh,refuel,v2a,2
athbhris,break again,v1b,1
athbhuail,beat again,v1b,1
athbhunaigh,reestablish,v2a,2
athbhútáil,reboot,v1c,1
athchas,tum again,v1a,1
athcheangail,refasten,v2c,2
athcheannaigh,repurchase,v2a,2
athcheap,reappoint,v1a,1
athcheartaigh,reamend,v2a,2
athcheistigh,reexamine,v2b,2
athchlampaigh,reclamp,v2a,2
athchlóigh,reprint,v1d,1
ath-chlóscríobh,retype,v1a,1
athchlúdaigh,re-cover,v2a,2
athchnuchair,refoot,v2c,2
athchódaigh,recode,v2a,2
athchogain,ruminate,v2c,2
athchóimeáil,reassemble,v1c,1
athchóipeáil,recopy,v1c,1
athchóirigh,rearrange,v2b,2
athchómáil,remobilize,v1c,1
athchomhair,recount,v1b,1
athchomhairligh,dissuade,v2b,2
athchorpraigh,reincorporate,v2a,2
athchraol,retransmit,v1a,1
athchrom,resume,v1a,1
athchruaigh,reharden,v1d,1
athchrúigh,remilk,v1d,1
athchruinnigh,reassemble,v2b,2
athchruthaigh,re-create,v2a,2
athchuimhnigh,refresh,v2b,2
athchuir,replant,v1b,1
athchultúraigh,acculturate,v2a,2
athchum,reconstruct,v1a,1
athchumraigh,reconfigure,v2a,2
athchuntais,recount,v1b,1
athchúrsáil,recycle,v1c,1
athdháil,redistribute,v1b,1
athdhathaigh,redye,v2a,2
athdhéan,redo,v1a,1
athdhear,redesign,v1a,1
athdhearbhaigh,reaffirm,v2a,2
athdheilbhigh,reshape,v2b,2
athdheimhnigh,recertify,v2b,2
athdheisigh,remand,v2b,2
athdhiailigh,redial,v2b,2
athdhílsigh,revest,v2b,2
athdhiol,resell,v1a,1
athdhíon,reroof,v1a,1
athdhréachtaigh,redraft,v2a,2
athdhromchlaigh,resurface,v2a,2
athdhúichigh,repatriate,v2b,2
athdhúisigh,reawake,v2b,2
atheagraigh,rearrange,v2a,2
athéirigh,rise again,v2b,2
atheisigh,reissue,v2b,2
athéist,rehear,v1b,1
athfhachtóirigh,refactorize,v2b,2
athfhaghair,retemper,v2c,2
athfhéach,reflect,v1a,1
athfheidhmigh,refunction,v2b,2
athfheistigh,refit,v2b,2
athihill,recur,v1b,1
athfhionn,rediscover,v1a,1
athfhoghlaim,releam,v2e,2
athfhoilsigh,republish,v2b,2
athfhoinsigh,second-source,v2b,2
athfhorbair,redevelop,v2c,2
athfhormáidigh,reformat,v2b,2
athfhostaigh,reemploy,v2a,2
athfhuaimnigh,resound,v2b,2
athghabh,retake,v1a,1
athghair,recall,v1b,1
athghéaraigh,resharpen,v2a,2
athghéill,resubmit,v1b,1
athghin,regenerate,v1b,1
athghlan,reclean,v1a,1
athghlaoigh,recall,v1d,1
athghléas,refit,v1a,1
athghluais,remobilize,v1b,1
athghníomhachtaigh,reactivate,v2a,2
athghnóthaigh,regain,v2a,2
athghoin,rewound,v1b,1
athghor,reheat,v1a,1
athghreamaigh,refasten,v2a,2
athghríosaigh,rekindle,v2a,2
athghróig,refoot,v1b,1
athghrúpáil,regroup,v1c,1
athimir,replay,v2d,2
ath-imlonnaigh,redeploy,v2a,2
ath-imscar,redeploy,v1a,1
athinfheistigh,reinvest,v2b,2
athinis,retell,v2d,2
athinmhigh,recover,v2b,2
athiompaigh,tum back,v2a,2
athionchollaigh,reincamate,v2a,2
ath-ionsúigh,reabsorb,v1d,1
athiontráil,reenter,v1c,1
athláithrigh,represent,v2b,2
athlas,relight,v1a,1
athlascainigh,rediscount,v2b,2
athlastáil,transship,v1c,1
athleag,re-lay,v1a,1
athleáigh,remelt,v1d,1
athleasaigh,reamend,v2a,2
athléigh,reread,v1e,1
athléirigh,revive,v2b,2
athlíneáil,reline,v1c,1
athlíon,refill,v1a,1
athliostáil,reenlist,v1c,1
athlódáil,reload,v1c,1
athluacháil,revalue,v1c,1
athluaigh,reiterate,v1d,1
athluchtaigh,reload,v2a,2
athmhaisigh,redecorate,v2b,2
athmháistrigh,remaster,v2b,2
athmheas,revise,v1a,1
athmheasc,remix,v1a,1
athmheil,regrind,v1b,1
athmhúnlaigh,remold,v2a,2
athmhúscail,reawake,v2c,2
athnasc,reclasp,v1a,1
athnéalaigh,resublime,v2a,2
athneartaigh,reinforce,v2a,2
athnocht,exhume,v1a,1
athnuaigh,renew,v1d,1
athoil,retain,v1b,1
athoiriúnaigh,refit,v2a,2
athonnmhairigh,reexport,v2b,2
athordaigh,rearrange,v2a,2
athoscail,reopen,v2c,2
athphéinteáil,repaint,v1c,1
athphlandaigh,replant,v2a,2
athphlandáil,transplant,v1c,1
athphléigh,rediscuss,v1e,1
athphoU,reperforate,v1a,1
athphós,remarry,v1a,1
athphreab,rebound,v1a,1
athphriontáil,reprint,v1c,1
athphróiseáil,reprocess,v1c,1
athradaigh,reradiate,v2a,2
athraigh,change,v2a,2
athraon,refract,v1a,1
athreoigh,regelate,v1d,1
athriar,readminister,v1a,1
athrígh,dethrone,v1g,1
athriochtaigh,recondition,v2a,2
athrith,rerun,v1b,1
athródaigh,reroute,v2a,2
athroinn,redivide,v1b,1
athrómhair,redig,v2c,2
athscag,refilter,v1a,1
athsceidealaigh,reschedule,v2a,2
athscinn,recoil,v1b,1
athscriobh,rewrite,v1a,1
athscrúdaigh,reexamine,v2a,2
athshamhlaigh,revisualize,v2a,2
athshampláil,resample,v1c,1
athshann,reassign,v1a,1
athshaothraigh,recultivate,v2a,2
athsheachaid,replevy,v1bx,1
athshealbhaigh,repossess,v2a,2
athsheinn,replay,v1b,1
athsheol,readdress,v1a,1
athshíolaigh,resow,v2a,2
athshlánaigh,rehabilitate,v2a,2
athshluaistrigh,reshovel,v2b,2
athshnaidhm,reknot,v1b,1
athshocraigh,rearrange,v2a,2
athsholáthair,replace,v2c,2
athsholáthraigh,replenish,v2a,2
athshon,resonate,v1a,1
athshreangaigh,restring,v2a,2
athshuaith,remix,v1b,1
athshuigh,relocate,v1h,1
athshúigh,reabsorb,v1d,1
athsmaoinigh,rethink,v2b,2
athspraeáil,respray,v1c,1
athspreag,reincite,v1a,1
athspréigh,respread,v1e,1
athstóraigh,re-store,v2a,2
athstruchtúraigh,restructure,v2a,2
athúsáid,reuse,v1b,1
atiolaic,rebestow,v1bx,1
atiomnaigh,rededicate,v2a,2
ationóil,reconvene,v1bx,1
atit,relapse,v1b,1
atochrais,rewind,v1b,1
atóg,rebuild,v1a,1
atogh,reelect,v1a,1
atoll,re-bore,v1a,1
atosaigh,recommence,v2a,2
atrácht,retread,v1a,1
atraenáil,retrain,v1c,1
atreabh,replow,v1a,1
atreáigh,reperforate,v1d,1
atreisigh,reinforce,v2b,2
atreoigh,divert,v1d,1
atreoraigh,refer,v2a,2
atriail,retry,v1b,1
atvuíteáil,retweet,v1c,1
babhdlaráil,bowdlerize,v1c,1
babhláil,bowl,v1c,1
babhtáil,exchange,v1c,1
bac,hinder,v1a,1
bacaigh,lame,v2a,2
bácáil,bake,v1c,1
bachlaigh,bud,v2a,2
bacsáil,box,v1c,1
badráil,bother,v1c,1
bagair,threaten,v2c,2
baghcatáil,boycott,v1c,1
baiceáil,back,v1c,1
baig,bag,v1b,1
báigh,drown,v1d,1
bailc,pour down,v1bx,1
bailchríochnaigh,fínish,v2a,2
bailigh,collect,v2b,2
bailíochtaigh,validate,v2a,2
bain,extract,v1b,1
baineannaigh,feminize,v2a,2
bainistigh,manage,v2b,2
baisc,batch,v1b,1
baist,baptize,v1b,1
báistigh,rain,v2b,2
balbhaigh,silence,v2a,2
ballastaigh,ballast,v2a,2
ballbhasc,maim,v1a,1
ballbhrúigh,bruise,v1d,1
ballóidigh,ballot,v2b,2
balsamaigh,embalm,v2a,2
balúnaigh,baUoon,v2a,2
bánaigh,whiten,v2a,2
bancáil,bank,v1c,1
bannaigh,bail,v2a,2
baoiteáil,bait,v1c,1
barántaigh,warrant,v2a,2
bardaigh,bard,v2a,2
barr',surpass,v1a,1
barr2,hinder,v1a,1
barraigh,grow up,v2a,2
barráil,bar,v1c,1
barrchaolaigh,taper,v2a,2
barrdhóigh,singe,v1d,1
barrfheabhsaigh,optimize,v2a,2
barrghearr,top,v1a,1
barriompaigh,tum about,v2a,2
barrleasaigh,topdress,v2a,2
barrUon,top up,v1a,1
barrloisc,singe,v1b,1
barrscoith,truncate,v1d,1
barrtheilg,surject,v1b,1
barúil,think,v1bx,1
barúiligh,opine,v2b,2
básaigh,die,v2a,2
basáil,boss,v1c,1
basc,bash,v1a,1
baslaigh,baste,v2a,2
batáil, pole,v1c,1
batráil,batter,v1c,1
beachtaigh,correct,v2a,2
beachtfhioraigh,verify precisely,v2a,2
beagaigh,lessen,v2a,2
bealaigh,grease,v2a,2
béalraigh,gossip about,v2a,2
beangaigh,graft,v2a,2
beannaigh,bless,v2a,2
bearcáil,tan,v1c,1
beamaigh,breach,v2a,2
bearr,clip,v1a,1
bearrchóirigh,trim off,v2b,2
beartaigh,plan,v2a,2
beathaigh,feed,v2a,2
beibheal,bevel,v1a,1
béic,yell,v1b,1
beir,bear,v3,3
beirigh,boil,v2b,2
beoghearr,vivisect,v1a,1
beoghoin,wound deeply,v1b,1
beoigh,animate,v1d,1
beophian,tantalize,v1a,1
bí,be,v3,3
biánaigh,size,v2a,2
biathaigh,feed,v2a,2
billeáil,bill,v1c,1
bindealaigh,bandage,v2a,2
bíog,start,v1a,1
bioraigh,point,v2a,2
bior-róst,spitroast,v1a,1
biotúmanaigh,bituminize,v2a,2
bisigh,improve,v2b,2
bísigh,vice,v2b,2
bith-dhíghrádaigh,biodegrade,v2a,2
bladair,cajole,v2c,2
bladhair,shout,v2c,2
bladhm,flame,v1a,1
blagáil,blog,v1c,1
blais,taste,v1b,1
blaistigh,season,v2b,2
blaosc,puff,v1a,1
blaoscrúisc,scalp,v1b,1
blásaigh,bloorn,v2a,2
bláthaigh,blossom,v2a,2
bláthnaigh,smooth,v2a,2
bleaisteáil,blast,v1c,1
blianachtaigh,annuitize,v2a,2
bliantúlaigh,annualize,v2a,2
bligh,milk,v1h,1
blíp,bleep,v1b,1
blocáil,block,v1c,1
bloc-chóipeáil,block-copy,v1c,1
blocshórtáil,block-sort,v1c,1
blogh,shatter,v1a,1
blosc,crack,v1a,1
blúsáil,blouse,v1c,1
bobáil,bob,v1c,1
bobshleamhnánaigh,bobsleigh,v2a,2
bocáil,toss,v1c,1
bochtaigh,impoverish,v2a,2
bocsáil1,box,v1c,1
bocsáil2,shuffle,v1c,1
bodhraigh,deafen,v2a,2
bog,soften,v1a,1
bogaigéadaigh,acidulate,v2a,2
bogchas,jog,v1a,1
bogh,bow,v1a,1
bogshodaráil,jog,v1c,1
boilgearnaigh,bubble,v2a,2
boilscigh,bulge,v2b,2
bolaigh,smeU,v2a,2
bolcáinigh,vulcanize,v2b,2
bolg,bulge,v1a,1
bolláil,bowl,v1c,1
boltáil,bolt,v1c,1
boltanaigh,smeU,v2a,2
bombardaigh,bombard,v2a,2
bonnaigh,walk,v2a,2
bóraigh,bow,v2a,2
borbaigh,get angry,v2a,2
bordáil,board,v1c,1
borr,swell,v1a,1
bosc,bush,v1a,1
brabhsáil,browse,v1c,1
brácáil,harrow,v1c,1
bradaigh,steal,v2a,2
braich,malt,v1bx,1
braigeáil,brag,v1c,1
bráilligh,braU up,v2b,2
brainseáii,branch,v1c,1
braisligh,cluster,v2b,2
braith,perceive,v1b,1
brandáil,brand,v1c,1
brásáil,embrace,v1c,1
brataigh,coat,v2a,2
breab,bribe,v1a,1
breabhsaigh,perk up,v2a,2
breac,speckle,v1a,1
breachnaigh,mottle,v2a,2
breacrianaigh,outline,v2a,2
bréadaigh,braid,v2a,2
bréag,cajole,v1a,1
bréagnaigh,contradict,v2a,2
bréan,poUute,v1a,1
breáthaigh,beautify,v2a,2
breathnaigh,observe,v2a,2
breicnigh,stipple,v2b,2
bréid,patch,v1b,1
bréifhigh,perforate,v2b,2
breisigh,increase,v2b,2
breithnigh,adjudge,v2b,2
bréitseáil,breach,v1c,1
breoigh,glow,v1d,1
breoslaigh,fuel,v2a,2
bríbeáil,bribe,v1c,1
briog,prick,v1a,1
brionnaigh,forge,v2a,2
brioscaigh,crisp,v2a,2
bris,break,v1b,1
broc,spoil,v1a,1
broic,bear,v1b,1
broicéadaigh,brocade,v2a,2
broid,goad,v1b,1
broideamaigh,effervesce,v2a,2
bróidnigh,embroider,v2b,2
broim,fart,v1bx,1
bróitseáil,broach,v1c,1
brón,grieve,v1a,1
bronn,grant,v1a,1
brostaigh,hasten,v2a,2
brúcht,belch,v1a,1
brúidigh,brutalize,v2b,2
brúigh,press,v1d,1
bruion,quarrel,v1a,1
brúisc,cmsh,v1b,1
bruiseáil,bmsh,v1c,1
bruith,boil,v1b,1
bruithnigh,smelt,v2b,2
buac,lixiviate,v1a,1
buaigh,win,v1d,1
buail,hit,v1b,1
buain,reap,v1bx,1
buair,grieve,v1b,1
buaistigh,puff,v2b,2
bualtaigh,smear with dung,v2a,2
buamáil,bomb,v1c,1
buanaigh,perpetuate,v2a,2
buantonn,perm,v1a,1
búcláil,buclde,v1c,1
bugáil,bug,v1c,1
buidéalaigh,bottle,v2a,2
buígh,yellow,v1g,1
buinnigh,shoot up,v2b,2
buíochasaigh,thank,v2a,2
búir,bellow,v1b,1
buiséad,budget,v1a,1
buiséadaigh,budget,v2a,2
bunaigh1,found,v2a,2
bunaigh2,model,v2a,2
bunathraigh,modify,v2a,2
bunchaolaigh,taper off,v2a,2
bundaigh,bund,v2a,2
bunmhaosaigh,undersoak,v2a,2
buntacaigh,underpin,v2a,2
burdáil,beat,v1c,1
burláil,bundle,v1c,1
burr,burr,v1a,1
burtanaigh,burtonize,v2a,2
butáil,butt,v1c,1
bútáil,boot,v1c,1
cabáil,talk down,v1c,1
cabhair,emboss,v2c,2
cabhraigh,help,v2a,2
cáblaigh,cable,v2a,2
cac,defecate,v1a,1
cácáil,caulk,v1c,1
cadhail,coil,v2c,2
caibeáil,dibble,v1c,1
caibidligh,negotiate,v2b,2
caidéalaigh,pump out,v2a,2
caidhpeáil,cap,v1c,1
caidrigh,befriend,v2b,2
caigh,weep,v1g,1
caighdeánaigh,standardize,v2a,2
cailcigh,calcify,v2b,2
cailcínigh,calcine,v2b,2
cailg,sting,v1b,1
cáiligh,qualify,v2b,2
caill,lose,v1b,1
cáin,fine,v1b,1
cainníochtaigh,quantify,v2a,2
cáinsigh,scold,v2b,2
caintigh,speak,v2b,2
caipitligh,capitalize,v2b,2
cairéalaigh,quarry,v2a,2
cairtfhostaigh,charter,v2a,2
caisligh,castle,v2b,2
caisnigh,frizz,v2b,2
caitéinigh,catenate,v2b,2
caith,wear,v1b,1
cáith,winnow,v1b,1
cáithigh,belittle,v2b,2
caithreáil,tangle,v1c,1
caithréimigh,triumph,v2b,2
caithrigh,reach puberty,v2b,2
caiticeasmaigh,catechize,v2a,2
calabraigh,calibrate,v2a,2
calaigh,berth,v2a,2
calc,caulk,v1a,1
calmaigh,strengthen,v2a,2
cam,bend,v1a,1
camhraigh,spoil,v2a,2
campáil,camp,v1c,1
can,sing,v1a,1
cánáil,cane,v1c,1
canálaigh,canalize,v2a,2
canbhasáil,canvass,v1c,1
cancraigh,vex,v2a,2
candamaigh,quantize,v2a,2
cannaigh,can,v2a,2
canónaigh,canonize,v2a,2
cantáil,grab,v1c,1
caoch,blind,v1a,1
caochfháithimigh,slip-hem,v2b,2
caoin,keen,v1b,1
caoindíol,soft-sell,v1a,1
caoithigh,suit,v2b,2
caolaigh,thin,v2a,2
caomhnaigh,cherish,v2a,2
car,love,v1a,1
caradaigh,befriend,v2a,2
caraitíopáil,karyotype,v1c,1
caramalaigh,caramelize,v2a,2
carbólaigh,carbolize,v2a,2
carbónaigh,carbonize,v2a,2
carbónáitigh,carbonate,v2b,2
carbraigh,carburate,v2a,2
carcraigh,incarcerate,v2a,2
cardáil,card,v1c,1
cam,heap,v1a,1
cart,tan,v1a,1
cas,twist,v1a,1
cásaigh,lament,v2a,2
cásáil,encase,v1c,1
casaoid,complain,v1b,1
casarólaigh,casserole,v2a,2
cascáidigh,cascade,v2b,2
casiompaigh,retrograde,v2a,2
casmhúnlaigh,spin,v2a,2
cas-rothlaigh,flip-rotate,v2a,2
castainnigh,winch,v2b,2
castriomaigh,spin-dry,v2a,2
catagóirigh,categorize,v2b,2
cataitéaraigh,catheterize,v2a,2
catalaigh,catalyze,v2a,2
cataiógaigh,catalog,v2a,2
cathaigh,battle,v2a,2
ceadaigh,perrnit,v2a,2
céadcheap,invent,v1a,1
céadfaigh,sense,v2a,2
ceadúnaigh,license,v2a,2
cealaigh,hide,v2a,2
cealg,beguile,v1a,1
ceangail,bind,v2c,2
ceannaigh,buy,v2a,2
céannaigh,identify,v2a,2
ceannchogain,nibble,v2c,2
ceansaigh,appease,v2a,2
ceantáil,auction,v1c,1
ceap,invent,v1a,1
ceardchumannaigh,unionize,v2a,2
ceamaigh,square,v2a,2
ceartaigh,correct,v2a,2
ceartdealaigh,rectify,v2a,2
ceartingearaigh,plumb,v2a,2
ceartrianaigh,track,v2a,2
céas,crucify,v1a,1
céaslaigh,paddle,v2a,2
ceasnaigh,complain,v2a,2
ceibeabáii,kebab,v1c,1
ceil,conceal,v1b,1
céiligh,mate,v2b,2
ceiliúir,celebrate,v1bx,1
céimbhog,inch,v1a,1
céimnigh,step,v2b,2
ceiritinigh,keratinize,v2b,2
ceirtleáil,wind into a ball,v1c,1
ceirtleánaigh,agglomerate,v2a,2
ceistigh,question,v2b,2
ciallaigh,signify,v2a,2
ciap,harass,v1a,1
ciar,wax,v1a,1
ciceáil,kick,v1c,1
cigil,tickle,v2d,2
cimigh,commit,v2b,2
cin,spring,v1b,1
cineach,devolve,v1a,1
cinn',surpass,v1b,1
cinn2,decide,v1b,1
cinnir,lead by the head,v1b,1
cinntigh,confirm,v2b,2
ciondáil,ration,v1c,1
cionn,take care of,v1a,1
cionroinn,apportion,v1b,1
ciontaigh,blame,v2a,2
cíor,comb,v1a,1
ciorclaigh,encircle,v2a,2
cíorláil,search,v1c,1
ciorraigh,cut,v2a,2
ciosaigh,rent,v2a,2
cis,stand,v1b,1
cisealaigh,tier,v2a,2
cistigh,encyst,v2b,2
ciúáil,queue,v1c,1
ciúbaigh,cube,v2a,2
ciúnaigh,calm,v2a,2
clab,swallow greedily,v1a,1
clabhtáil,clout,v1c,1
cladáil,heap,v1c,1
clag,clack,v1a,1
clamhair,mangle,v2c,2
clampaigh,clamp,v2a,2
clampáil,clamp,v1c,1
clannaigh,procreate,v2a,2
claochlaigh,metamorphose,v2a,2
claon,incline,v1a,1
claonmharaigh,mortify,v2a,2
claonroinn,misapportion,v1b,1
cláraigh,flatten,v2a,2
clárscátáil,skateboard,v1c,1
clasaigh1,channel,v2a,2
clasaigh2,chorus,v2a,2
clasánaigh,gufly,v2a,2
cleacht,perform habitually,v1a,1
cleamhnaigh,afflliate,v2a,2
cleandaraigh,calender,v2a,2
cléchliceáil,left-click,v1c,1
cleitigh,fledge,v2b,2
cliath,harrow,v1a,1
cUbeáil,tag,v1c,1
cliceáil,click,v1c,1
climir,strip,v2d,2
cling,clink,v1b,1
cliomaigh,acclimate,v2a,2
clip,prick,v1b,1
clis,jump,v1b,1
clith,copulate,v1b,1
clóbhuail,print,v1b,1
cloch,stone,v1a,1
clochnigh,stonewash,v1h,1
clochraigh,petrify,v2a,2
clóchuir,typeset,v1b,1
cló-eagraigh,compose,v2a,2
clog,blister,v1a,1
cloígh',subdue,v1g,1
cloigh2,adhere,v1g,1
clóigh',tame,v1d,1
clóigh2,print,v1d,1
clóirínigh,chlorinate,v2b,2
clois,hear,v3,3
clónáil,clone,v1c,1
clóscríobh,type,v1a,1
clúdaigh,cover,v2a,2
cluich,chase,v1b,1
cluicheáil,pilfer,v1c,1
cluimhrigh,pluck,v2b,2
cluin,hear,v3,3
clúmhill,defame,v1b,1
clutharaigh,shelter,v2a,2
cnádaigh,smolder,v2a,2
cnag,knock,v1a,1
cnagbheirigh,parboil,v2b,2
cnagbhruith,parboil,v1b,1
cnagmhaisigh,chase,v2b,2
cnaígh,gnaw,v1g,1
cnaipeáil,button,v1c,1
cnámhaigh,ossify,v2a,2
cnámhair,suck,v2c,2
cnámhghoin,wound deeply,v1b,1
cnap,heap,v1a,1
cnead,pant,v1a,1
cneáigh,wound,v1d,1
cneasaigh,heal,v2a,2
cniog,rap,v1a,1
cniotáil,knit,v1c,1
cnuáil,lag,v1c,1
cnuasaigh,collect,v2a,2
cnuchair,foot,v2c,2
cobhsaigh,stabilize,v2a,2
coc,cock,v1a,1
cocáil,cock,v1c,1
cócaráii,cook,v1c,1
cochlaigh,cuddle,v2a,2
códaigh,codify,v2a,2
codail,sleep,v2c,2
codánaigh,fractionate,v2a,2
cogain,chew,v2c,2
cogairsigh,arrange,v2b,2
coiceáil,goffer,v1c,1
coigeartaigh,adjust,v2a,2
coigil,spare,v2d,2
coigistigh,confiscate,v2b,2
coiligh,tread,v2b,2
coilinigh,colonize,v2b,2
coill,geld,v1b,1
coilltigh,afforest,v2b,2
coimeád,keep,v1a,1
cóimeáil,assemble,v1c,1
coimhéad,guard,v1a,1
cóimheas,compare,v1a,1
cóimheasc,coalesce,v1a,1
cóimhiotalaigh,alloy,v2a,2
coimhthigh,estrange,v2b,2
coimisiúnaigh,commission,v2a,2
coimpir,conceive,v2d,2
coimpléasc,complex,v1a,1
coimrigh,summarize,v2b,2
coinbhéartaigh,convert,v2a,2
coinbhéirsigh,converge,v2b,2
coincheap,conceive,v1a,1
coincheapaigh,conceptualize,v2a,2
coincréitigh,concrete,v2b,2
cóineartaigh,confirm,v2a,2
coinnealbháigh,excommunicate,v1d,1
coinnigh,keep,v2b,2
coinscríobh,conscript,v1a,1
coinsínigh,consign,v2b,2
coip,ferment,v1b,1
cóipeáil1,cope,v1c,1
cóipeáil2,copy,v1c,1
coir,tire,v1b,1
coirb,corrupt,v1b,1
coirbéal,corbel,v1a,1
cóireáil,treat,v1c,1
coirigh,accuse,v2b,2
cóirigh,arrange,v2b,2
coimeáil,kem,v1c,1
coimigh,tonsure,v2b,2
coirtigh,tan,v2b,2
coisc,check,v1b,1
coisigh,walk,v2b,2
coisric,consecrate,v1b,1
cóitseáil,coach,v1c,1
comáil,interlace,v1c,1
comardaigh,equate,v2a,2
comhaill,fulfil,v1bx,1
comhair,count,v1b,1
comhairligh,advise,v2b,2
cómhalartaigh,reciprocate,v2a,2
comhaontaigh,unite,v2a,2
comhardaigh,equalize,v2a,2
comharthaigh,mark,v2a,2
comhathraigh,vary,v2a,2
comhbhabhtáil,trade off,v1c,1
comhbhailigh,aggregate,v2b,2
comhbheartaigh,concert,v2a,2
comhbhrúigh,compress,v1d,1
comhbhuail,beat in unison,v1b,1
comhchaidrigh,interrelate,v2b,2
comhchaitéinigh,concatenate,v2b,2
comhcheangail,combine,v2c,2
comhcheilg,conspire,v1b,1
comhcheiliúir,concelebrate,v1bx,1
comhchlaon,converge,v1a,1
comhchoirigh,recriminate,v2b,2
comhchordachtaigh,concordance,v2a,2
comhchordaigh,concordance,v2a,2
comhchruinnigh,assemble,v2b,2
comhchuibhigh,harmonize,v2b,2
comhchuimsigh,subsume,v2b,2
comhchuingigh,conjugate,v2b,2
comhdaigh,file,v2a,2
comhdhéan,constitute,v1a,1
comhdhearbhaigh,corroborate,v2a,2
comhdhírigh,concentrate,v2b,2
comhdhlúthaigh,compact,v2a,2
comhéignigh,coerce,v2b,2
comhfhadaigh,justify,v2a,2
comhfháisc,compress,v1b,1
comhfhoirmigh,conform,v2b,2
comhfhortaigh,console,v2a,2
comhfhreagair,correspond,v2c,2
comhghair,convene,v1b,1
comhghaolaigh,correlate,v2a,2
comhghéill,compromise,v1b,1
comhghlasáil,intcrlock,v1c,1
comhghléas,tune in,v1a,1
comhghrádaigh,aggrade,v2a,2
comhghreamaigh,cohere,v2a,2
comhghríosaigh,incite,v2a,2
comhiomlánaigh,aggregate,v2a,2
comhlachaigh,associate,v2a,2
comhlánaigh,complete,v2a,2
comhleáigh,fuse,v1d,1
comhlean,cohere,v1a,1
comhlínigh,collimate,v2b,2
comhlion,fulfill,v1a,1
comhlogaigh,collocate,v2a,2
comhoibrigh,cooperate,v2b,2
comhoiriúnaigh,match,v2a,2
comhordaigh,coordinate,v2a,2
comhordanáidigh,coordinate,v2b,2
comhraic,encounter,v1b,1
comhréitigh,compromise,v2b,2
comhrialaigh,regulate,v2a,2
comhrianaigh,contour,v2a,2
comhriar,communicate,v1a,1
comhroinn,share,v1b,1
comhshamhlaigh,assimilate,v2a,2
comhshínigh,countersign,v2b,2
comhshnaidhm,intertwine,v1b,1
comhshocraigh,line,v2a,2
comhshóigh,convert,v1d,1
comhshuigh,compose,v1h,1
comhthacaigh,corroborate,v2a,2
comhthadhaill,liaise,v2c,2
comhthaobhaigh,collateralize,v2a,2
comhtharlaigh,coincide,v2a,2
comhtharraing,pull together,v2e,2
comhtháthaigh,fuse,v2a,2
comhthéacsaigh,contextuaUze,v2a,2
comhthiomsaigh,associate,v2a,2
comhthit,coincide,v1b,1
comhthiúin,tune,v1bx,1
comhthóg,build up,v1a,1
comhthogh,co-opt,v1a,1
comhthoiligh,consent,v2b,2
comhthrasnaigh,interlock,v2a,2
comhuainigh,time,v2b,2
comóir,convene,v1bx,1
cónaidhmigh,conflate,v2b,2
cónaigh,dwell,v2a,2
conáil,perish,v1c,1
cónaisc,connect,v1b,1
conclúidigh,conclude,v2b,2
conducht,conduct,v1a,1
conlaigh,gather,v2a,2
connaigh,accustom,v2a,2
conraigh,contract,v2a,2
consaigh,notice,v2a,2
conspóid,argue,v1b,1
construáil,construe,v1c,1
cor,tum,v1a,1
corb,corrupt,v1a,1
corcáil,cork,v1c,1
corcraigh,purple,v2a,2
cordaigh,cord,v2a,2
com,roU,v1a,1
comaigh,comify,v2a,2
corónaigh,crown,v2a,2
corpraigh,incorporate,v2a,2
corracaigh,coo,v2a,2
corraigh,move,v2a,2
corrmhaolaigh,pencil-round,v2a,2
corrsheiceáil,spot-check,v1c,1
cosain,defend,v2c,2
coscair,mangle,v2c,2
costáil,cost,v1c,1
cóstáil,coast,v1c,1
cosúlaigh,liken,v2a,2
cótáil,coat,v1c,1
cothabháil,maintain,v1c,1
cothaigh,feed,v2a,2
cothromaigh,even,v2a,2
crág,chelate,v1a,1
crágáil,claw,v1c,1
crágánaigh,chuck,v2a,2
craiceáil,crack,v1c,1
cráigh,agonize,v1d,1
cráin,suck,v1b,1
cráindóigh,smolder,v1d,1
craiseáil,crash,v1c,1
crampáil,cramp,v1c,1
crandaigh,stunt,v2a,2
cranraigh,harden,v2a,2
craobhaigh,branch,v2a,2
craobhieath,layer,v1a,1
craobhscaoil,propagate,v1b,1
craol,announce,v1a,1
craosfholc,gargle,v1a,1
crap,contract,v1a,1
crapchlúdaigh,shrink-wrap,v2a,2
craplaigh,fetter,v2a,2
creach,raid,v1a,1
créachtaigh,wound,v2a,2
créam,cremate,v1a,1
crean,obtain,v1a,1
creath,tremble,v1a,1
creathnaigh,tremble,v2a,2
creid,believe,v1b,1
creidiúnaigh,accredit,v2a,2
creim,gnaw,v1b,1
creimneáil,tack,v1c,1
creimseáil,nibble,v1c,1
cré-umhaigh,bronze,v2a,2
criathraigh,sieve,v2a,2
crinn,contend closely with,v1b,1
criochaigh,demarcate,v2a,2
críochnaigh,finish,v2a,2
críon,wither,v1a,1
criosaigh,zone,v2a,2
crioslaigh,girdle,v2a,2
criostalaigh,crystallize,v2a,2
criptigh,encrypt,v2b,2
crith,tremble,v1b,1
crith-chroileacaigh,vibrocore,v2a,2
crithlonraigh,shimmer,v2a,2
criúáil,crew,v1c,1
croch,hang,v1a,1
croileacaigh,core,v2a,2
croinicigh,chronicle,v2b,2
cróiseáil,crochet,v1c,1
croith,shake,v1b,1
crom,bend,v1a,1
crómchneasaigh,chrome-plate,v2a,2
crómleasaigh,chrome tan,v2a,2
crómphicil,chrome-pickle,v1b,1
cronaigh,miss,v2a,2
crónaigh,tan,v2a,2
cros,cross,v1a,1
crosáil,cross,v1c,1
croscheistigh,cross-examine,v2b,2
croschoisc,cross-check,v1b,1
crosfhigh,interlace,v1h,1
crosghrean,crosshatch,v1a,1
cros-haisteáil,crosshatch,v1c,1
crosphóraigh,crossbreed,v2a,2
cros-seiceáil,cross-check,v1c,1
cros-síolraigh,crossbreed,v2a,2
cros-siúntáil,cross-joint,v1c,1
crostagair,cross-reference,v2c,2
cros-toirchigh,cross-fertilize,v2b,2
crostreabh,cross-plow,v1a,1
crotaigh,blank out,v2a,2
cruach,stack,v1a,1
cruachódaigh,hardcode,v2a,2
cruaigh,harden,v1d,1
cruan,enamel,v1a,1
cruashádráil,hard-solder,v1c,1
cruashreangaigh,hard-wire,v2a,2
crúbáil,claw,v1c,1
crúcáil,hook,v1c,1
crúigh1,milk,v1d,1
crúigh2,shoe,v1d,1
cruinnchóirigh,round off,v2b,2
cruinnfhioraigh,verify exactly,v2a,2
cruinnigh,gather,v2b,2
crústaigh,pelt,v2a,2
crústáil,drub,v1c,1
cruthaigh,create,v2a,2
cruthmhúnlaigh,swage,v2a,2
cuach,bundle,v1a,1
cuaileáil,coil,v1c,1
cuailligh,stud,v2b,2
cuairdbhradaigh,lap,v2a,2
cuairdscoith,lap,v1d,1
cuar,curve,v1a,1
cuardaigh,search,v2a,2
cuasaigh,cup,v2a,2
cúb,bend,v1a,1
cúbláil,grab,v1c,1
cuibhigh,adapt,v2b,2
cuibhrigh,bind,v2b,2
cuíchóirigh,streamline,v2b,2
cuideachtaigh,associate,v2a,2
cuidigh,aid,v2b,2
cúigleáil,cheat,v1c,1
cuileáil,discard,v1c,1
cuilteáil,quilt,v1c,1
cuimhnigh,remember,v2b,2
cuimil,rub,v2d,2
cuimsigh,comprehend,v2b,2
cuingigh,yoke,v2b,2
cuingrigh,yoke,v2b,2
cúinneáil,comer,v1c,1
ciiir,put,v1b,1
cúiréad,curette,v1a,1
cúisigh,accuse,v2b,2
cuisleannaigh,flute,v2a,2
cuisligh,flow,v2b,2
cuisnigh,freeze,v2b,2
cúitigh,requite,v2b,2
cúlaigh,back,v2a,2
cúláil,back,v1c,1
cúlcham,stockpile,v1a,1
cúlchas,rewind,v1a,1
cúlcheadaigh,connive at,v2a,2
cúlchlóigh,perfect,v1d,1
cúléist,eavesdrop,v1b,1
cúlghair,revoke,v1b,1
cúlghearr,backbite,v1a,1
cúlghlan,back out,v1a,1
cúliompaigh,retreat,v2a,2
cúlséid,backwind,v1b,1
cúlsleamhnaigh,backslide,v2a,2
cúlsmiot,backchip,v1a,1
cúlspásáil,backspace,v1c,1
cúltacaigh,back up,v2a,2
cúltarraing,drag,v2e,2
cúltort,backfire,v1a,1
cum,form,v1a,1
cumaisc,blend,v1bx,1
cumasaigh,enable,v2a,2
cumhachtaigh,empower,v2a,2
cumhdaigh,cover,v2a,2
cumhraigh,perfume,v2a,2
cumhsanaigh,rest,v2a,2
cumhscaigh,move,v2a,2
cumraigh,configure,v2a,2
cúnaigh,help,v2a,2
cúnantaigh,covenant,v2a,2
cúngaigh ■,narrow,v2a,2
cuntais,count,v1b,1
cupalaigh,cupel,v2a,2
cúpláil,couple,v1c,1
cúr,chastise,v1a,1
cúrsáil,cruise,v1c,1
dabáil,dab,v1c,1
dáil,portion out,v1b,1
daingnigh,fortify,v2b,2
dall,blind,v1a,1
dallraigh,blind,v2a,2
daUscriobh,blind-write,v1a,1
damáistigh,damage,v2b,2
damascaigh,damascene,v2a,2
dambáU,dam,v1c,1
dámh,concede,v1a,1
damhain,tame,v1f,1
damhnaigh,materiaUze,v2a,2
damhsaigh,dance,v2a,2
damnaigh,damn,v2a,2
daoirsigh,price-raise,v2b,2
daonlathaigh,democratize,v2a,2
daonnaigh,humanize,v2a,2
daor,enslave,v1a,1
daorbhasc,maul severely,v1a,1
dar,it seems,v5,5
dátaigh,date,v2a,2
dath,aUocate,v1a,1
dathaigh,color,v2a,2
dathdhealaigh,separate,v2a,2
déabhlóidigh,devolve,v2b,2
deachaigh,decimate,v2a,2
deachair,differentiate,v2c,2
deachtaigh,indite,v2a,2
deachúlaigh,decimaUze,v2a,2
déaduchtaigh,deduce,v2a,2
dealagáidigh,delegate,v2b,2
dealaigh,part,v2a,2
dealbhaigh1,sculpture,v2a,2
dealbhaigh2,impoverish,v2a,2
dealraigh,iUuminate,v2a,2
déan,do,v3,3
dea-mheas,approve,v1a,1
deann,color,v1a,1
déantúsaigh,manufacture,v2a,2
dear,draw,v1a,1
dearbhaigh,declare,v2a,2
dearbháU,test,v1c,1
dearbhasc,affirm,v1a,1
dearc,look,v1a,1
dearg,redden,v1a,1
dearlaic,grant,v1bx,1
dearmad,forget,v1a,1
deamáil,dam,v1c,1
dearóiligh,debase,v2b,2
dearscnaigh,excel,v2a,2
deasaigh,dress,v2a,2
deasc,settle,v1a,1
deaschliceáil,right-cfick,v1c,1
deasghliogáil,right-cUck,v1c,1
deaslabhair,articulate,v2c,2
deataigh,smoke,v2a,2
déchliceáil,double-click,v1c,1
deicrimintigh,decrement,v2b,2
deifhídigh,define,v2b,2
deifrigh,hurry,v2b,2
deighil,part,v1fs,1
deil,tum on lathe,v1b,1
deilbhigh,frame,v2b,2
déileáil,deal,v1c,1
deimhneasc,aver,v1a,1
deimhnigh,certify,v2b,2
deisigh,mend,v2b,2
deoch,immerse,v1a,1
deochraigh,differentiate,v2a,2
deonaigh,grant,v2a,2
déroinn,bisect,v1b,1
di-adharc,dehom,v1a,1
dí-adhlaic,disinter,v1bx,1
diagaigh,deify,v2a,2
dí-agair,nonsuit,v2c,2
diagnóisigh,diagnose,v2b,2
dí-aicéitiligh,deacetylate,v2b,2
diailigh,dial,v2b,2
diall,incline,v1a,1
diamhaslaigh,blaspheme,v2a,2
diamhraigh,darken,v2a,2
dianaigh,intensify,v2a,2
diancheistigh,quiz,v2b,2
dianscaoil,break up,v1b,1
diansir,importune,v1b,1
dí-armáil,disarm,v1c,1
diasraigh,glean,v2a,2
dibh,dismiss,v1b,1
dibharraigh,disbar,v2a,2
díbhealaigh,degrease,v2a,2
dí-bhéimnigh,de-emphasize,v2b,2
dibhéirsigh,diverge,v2b,2
díbhlogh,defragment,v1a,1
díbhoilscigh,deflate,v2b,2
dibholaigh,deodorize,v2a,2
díbholcáinigh,devulcanize,v2b,2
díbholg,deflate,v1a,1
dibhrúigh,depressurize,v1d,1
díbhunaigh,disestablish,v2a,2
di-bhurr,deburr,v1a,1
díbir,banish,v2d,2
díbligh,wear out,v2b,2
dícháiligh,disqualify,v2b,2
dícharbónaigh,decarbonize,v2a,2
dícheadaigh,disallow,v2a,2
dícheangail,untie,v2c,2
dícheann,behead,v1a,1
dicheil,conceal,v1b,1
díchineálaigh,degenerate,v2a,2
díchleamhnaigh,disaffiliate,v2a,2
díchlibeáil,tag off,v1c,1
díchnámhaigh,bone,v2a,2
díchobhsaigh,destabilize,v2a,2
dichódaigh,decode,v2a,2
dichoigil,dissave,v2d,2
díchóimeáil,dismantle,v1c,1
díchoimisiúnaigh,decommission,v2a,2
dichoirtigh,descale,v2b,2
díchoisric,deconsecrate,v1b,1
díchollaigh,disembody,v2a,2
dí-chomhbhailigh,disaggregate,v2b,2
dí-chomhbhrúigh,decompress,v1d,1
dí-chomhordaigh,decollate,v2a,2
dí-chomhroinn,unshare,v1b,1
díchónasc,disconnect,v1a,1
díchom,unwind,v1a,1
díchorónaigh,dethrone,v2a,2
díchreid,disbelieve,v1b,1
díchreidiúnaigh,discredit,v2a,2
dí-Chriostaigh,de-Christianize,v2a,2
díchriptigh,decrypt,v2b,2
díchruach,unstack,v1a,1
díchruthaigh,disprove,v2a,2
díchuach,unbundle,v1a,1
díchuir,eject,v1b,1
díchum,deform,v1a,1
dichumaisc,demerge,v1bx,1
díchumasaigh,disable,v2a,2
díchúpláU,decouple,v1c,1
dídhaoinigh,depopulate,v2b,2
dídhaonnaigh,dehumanize,v2a,2
didhathaigh,decolorize,v2a,2
dídheighil,desegregate,v1fs,1
didhíolaim,disassemble,v2e,2
dí-eaglaisigh,secularize,v2b,2
dí-éilligh,decontaminate,v2b,2
difhabhtaigh,debug,v2a,2
dífháisc,decompress,v1b,1
díflhéaraigh,depasture,v2a,2
dífheidhmigh,render obsolete,v2b,2
dífhoirmigh,deform,v2b,2
dífhoraoisigh,deforest,v2b,2
difhormáidigh,unformat,v2b,2
difhostaigh,disemploy,v2a,2
difhréamhaigh,uproot,v2a,2
dífhuinnmhigh,de-energize,v2b,2
difreáil,differentiate,v1c,1
difrigh,differ,v2b,2
díghabhsáil,degauss,v1c,1
dighalraigh,disinfect,v2a,2
díghásaigh,degas,v2a,2
dighlasáil,unlock,v1c,1
díghléas,demount,v1a,1
díghnlomhachtaigh,dcactivate,v2a,2
dighniomhaigh,inactivate,v2a,2
dighrádaigh,degrade,v2a,2
díghreamaigh,unstick,v2a,2
díghrúpáil,ungroup,v1c,1
digitigh,digitize,v2b,2
dihiodráitigh,dehydrate,v2b,2
dí-ianaigh,deiorúze,v2a,2
di-ilphléacsaigh,demultiplex,v2a,2
di-innigh,eviscerate,v2b,2
díláithrigh,displace,v2b,2
díláraigh,decentralize,v2a,2
dilasc,disconnect,v1a,1
díleáigh,dissolve,v1d,1
di-leithdháil,de-allocate,v1c,1
díligh,deluge,v2b,2
díliostáil,unsubscribe,v1c,1
dílódáil,unload,v1c,1
dílogánaigh,delocalize,v2a,2
dílsigh,vest,v2b,2
diluacháii,devalue,v1c,1
díluailigh,immobilize,v2b,2
diluchtaigh,discharge,v2a,2
dímhaighnéadaigh,demagnetize,v2a,2
dimheas,depreciate,v1a,1
dímhiailinigh,demyelinate,v2b,2
dímhíleataigh,demilitarize,v2a,2
dímhíolaigh,disinfest,v2a,2
dímhodhnaigh,demodulate,v2a,2
dímhol,dispraise,v1a,1
dímhonaigh,demonetize,v2a,2
dínádúraigh,denature,v2a,2
dínáisiúnaigh,denationalize,v2a,2
dínasc,unclasp,v1a,1
dínéalaigh,demist,v2a,2
dineartaigh,enfeeble,v2a,2
ding',wedge,v1b,1
ding2,dint,v1b,1
dínítriginigh,denitrify,v2b,2
díobh,extinguish,v1a,1
diobháil,injure,v1c,1
díochlaon,decline,v1a,1
díochnámhaigh,bone,v2a,2
dí-ocsaídigh,deoxidize,v2b,2
dí-ocsaiginigh,deoxygenate,v2b,2
diogáil,dock,v1c,1
di-oighrigh,de-ice,v2b,2
dí-oil,de-skill,v1b,1
díol,sell,v1a,1
díolaim,glean,v2e,2
díolmhaigh,exempt,v2a,2
diolúnaigh,exempt,v2a,2
diomail,waste,v2c,2
dion,protect,v1a,1
díorthaigh,derive,v2a,2
diosc,dissect,v1a,1
diosc,creak,v1a,1
díoscamaigh,creak,v2a,2
diospóid,dispute,v1b,1
díotáil',indict,v1c,1
díotáil2,progress,v1c,1
diotchúisigh,arraign,v2b,2
díothaigh,destroy,v2a,2
dipeáil,dip,v1c,1
diphacáil,unpack,v1c,1
dipháirtigh,part off,v2b,2
díphéac,disbud,v1a,1
díphéistigh,deworm,v2b,2
díphionósaigh,depenalize,v2a,2
díphlugáil,unplug,v1c,1
dípholaraigh,depolarize,v2a,2
díphóraigh,breed out,v2a,2
diphróitéinigh,deproteinize,v2b,2
díraon,diffract,v1a,1
dírátaigh,derate,v2a,2
díréitigh,disarrange,v2b,2
dí-reoigh,defrost,v1d,1
direoigh,defreeze,v1d,1
dírialaigh,decontrol,v2a,2
dírialáil,deregulate,v1c,1
dírigh,straighten,v2b,2
díroghnaigh,deselect,v2a,2
díscaoil,unloose,v1b,1
discigh,dry up,v2b,2
díscoir,unloose,v1b,1
discríobh,write off,v1a,1
díscrios,undelete,v1a,1
díscriúáil,unscrew,v1c,1
díscrobh,unscramble,v1a,1
dí-shainoidhrigh,disentail,v2b,2
díshalaigh,decontaminate,v2a,2
dishamhlaigh,dissimilate,v2a,2
díshealbhaigh,evict,v2a,2
díshioc,defrost,v1a,1
díshlóg,demobilize,v1a,1
dishraith,derate,v1b,1
dishrian,decontrol,v1a,1
dishuigh,demount,v1h,1
díshuiteáil,uninstall,v1c,1
dísigh,pair,v2b,2
díslemhúnlaigh,die-cast,v2a,2
disletheilg,die-cast,v1b,1
disligh,dice,v2b,2
díspeag,belittle,v1a,1
díspiceáil,despike,v1c,1
díspreag,deter,v1a,1
distáirseáil,destarch,v1c,1
dístocáil,de-stock,v1c,1
díthiceáil,uncheck,v1c,1
dithiomsaigh,dissociate,v2a,2
dithiuin,detune,v1bx,1
dithneasaigh,hasten,v2a,2
dithochrais,unwind,v1b,1
díthocsainigh,detoxify,v2b,2
díthruailligh,decontaminate,v2b,2
díthuaslagóirigh,desolventize,v2b,2
diúg,drain,v1a,1
diúl,suck,v1a,1
diúltaigh,deny,v2a,2
diúraic,cast,v1bx,1
diurnaigh,drain,v2a,2
diúscair,dispose of,v2c,2
dizipeáil,unzip,v1c,1
dlaoithigh,tress,v2b,2
dligh,deserve,v1h,1
dlisteanaigh,legitimate,v2a,2
dluigh,cleave,v1h,1
dlúthaigh,compact,v2a,2
dóbair,it nearly happened,v5,5
dochraigh,harm,v2a,2
docht,tighten,v1a,1
dóibeáii,daub,v1c,1
doicheallaigh,balk at,v2a,2
doiciméadaigh,document,v2a,2
dóigh,bum,v1d,1
doilbh,form,v1b,1
doiléirigh,darken,v2b,2
doimhnigh,deepen,v2b,2
doir,bull,v1b,1
doirt,pour,v1b,1
dol,loop,v1a,1
domhainreoigh,deep-freeze,v1d,1
domhandaigh,globalize,v2a,2
domheanmnaigh,dispirit,v2a,2
donaigh,aggravate,v2a,2
donnaigh,brown,v2a,2
dópáil,dope,v1c,1
dorchaigh,darken,v2a,2
dord,hum,v1a,1
domáil,fist,v1c,1
draenáil,drain,v1c,1
drámaigh,dramatize,v2a,2
dramhail,trample,v2c,2
drann,snarl,v1a,1
drantaigh,snarl,v2a,2
draoibeáil,cover with mud,v1c,1
dreach,delineate,v1a,1
dréachtaigh,draft,v2a,2
dreap,climb,v1a,1
dreasaigh,incite,v2a,2
dreideáil,dredge,v1c,1
dréim,climb,v1b,1
dreoigh,decay,v1d,1
dríodraigh,sediment,v2a,2
driog,distill,v1a,1
drithligh,spark,v2b,2
droimscríobh,endorse,v1a,1
droinsigh,drench,v2b,2
drugáil,drug,v1c,1
druibleáil,dribble,v1c,1
druid,close,v1b,1
druileáil,drill,v1c,1
drundáil,crab,v1c,1
dtí,come,v5,5
dual,twine,v1a,1
dubáil,dub,v1c,1
dúbail,double,v2c,2
dubhaigh,blacken,v2a,2
dúbláil1,distill a sccond time,v1c,1
dúbláil2,duplicate,v1c,1
duchtaigh,duct,v2a,2
dúdhiúltaigh,ostracize,v2a,2
dúghabh,obsess,v1a,1
duilligh,foliate,v2b,2
dúisigh,wake,v2b,2
dúlaigh,desire,v2a,2
dúloisc,char,v1b,1
dúmhál,blackmail,v1a,1
dumpáii,dump,v1c,1
dún,close,v1a,1
dúnmharaigh,murder,v2a,2
durdáil,coo,v1c,1
dúshaothraigh,exploit,v2a,2
dustáil,dust,v1c,1
dúthum,plunge,v1a,1
éabannaigh,ebonize,v2a,2
éabhlóidigh,evolve,v2b,2
eachtarshuigh,extrapolate,v1h,1
eachtraigh1,joumey,v2a,2
eachtraigh1,narrate,v2a,2
éadanchóirigh,face up,v2b,2
éadlúthaigh,rarefy,v2a,2
eadóirsigh,"naturalize ,",v2b,2
eadráil,tween,v1c,1
eadránaigh,separate,v2a,2
éadromaigh,lighten,v2a,2
éaduchtaigh,educe,v2a,2
éag,die,v1a,1
éagaoin,moan,v1b,1
éagnaigh,moan,v2a,2
éagobhsaigh,destabilize,v2a,2
éagóirigh,wrong,v2b,2
éagothromaigh,unbalance,v2a,2
eagraigh,arrange,v2a,2
éagsúlaigh,vary,v2a,2
éagumasaigh,incapacitate,v2a,2
éalaigh,escape,v2a,2
ealtaigh,flock,v2a,2
eamhnaigh,double,v2a,2
eangaigh,indent,v2a,2
éar,refuse,v1a,1
earb,trust,v1a,1
earcaigh,recruit,v2a,2
earrachaigh,vernalize,v2a,2
easáitigh,displace,v2b,2
casanálaigh,exhale,v2a,2
easaontaigh,disagree,v2a,2
easbhniigh,extrude,v1d,1
éascaigh,make easy,v2a,2
eascainigh,curse,v2b,2
cascair,spring,v2c,2
cascoiteannaigh,excommunicate,v2a,2
easghásaigh,offgas,v2a,2
easghlan,scavenge,v1a,1
easlánaigh,become sick,v2a,2
easmail,reproach,v1b,1
easonóraigh,dishonor,v2a,2
easpórtáil,export,v1c,1
easraigh,litter,v2a,2
castósc,extract,v1a,1
eastuaslaig,exsolve,v1bx,1
cibligh,emulsify,v2b,2
éidigh,dress,v2b,2
éigh,scream,v1e,1
éighníomhaigh,passivate,v2a,2
éigiontaigh,acquit,v2a,2
éignigh,force,v2b,2
éiligh,claim,v2b,2
éilligh,corrupt,v2b,2
éimigh,refuse,v2b,2
éinirtigh,enfeeble,v2b,2
éirigh,rise,v2b,2
eis,exist,v1b,1
eisc,excise,v1b,1
eiscrigh,ridge,v2b,2
eiscríobh,escribe,v1a,1
eiseachaid,extradite,v1b,1
eiseamláirigh,exemplify,v2b,2
eiséat,escheat,v1a,1
eisfhaighnigh,evaginate,v2b,2
eisfhear,excrete,v1a,1
eisiacht,eject,v1a,1
eisiaigh,exclude,v1d,1
eisigh,issue,v2b,2
eisil,emanate,v1b,1
eisíoc,disburse,v1a,1
eisionnail,elute,v1fx,1
eisleath,effuse,v1a,1
eislig,egest,v1b,1
eispéirigh,experience,v2b,2
eisreachtaigh,proscribe,v2a,2
eisréimnigh,diverge,v2b,2
eisribigh,epilate,v2b,2
éist,listen,v1b,1
eistearaigh,esterify,v2a,2
eisteilg,eject,v1b,1
eistréat,estreat,v1a,1
éitearaigh,etherize,v2a,2
eitialaigh,etiolate,v2a,2
eitigh,refuse,v2b,2
eitil,fly,v2d,2
eitrigh,furrow,v2b,2
eitseáil,etch,v1c,1
eochairshiúntáil,key-joint,v1c,1
eochraigh,key,v2a,2
fabhraigh1,form,v2a,2
fabhraigh2,favor,v2a,2
fabhtaigh,contaminate,v2a,2
fabhtcheartaigh,troubleshoot,v2a,2
fachtóirigh,factorize,v2b,2
facsáil,fax,v1c,1
fadaigh1,set,v2a,2
fadaigh2,lengthen,v2a,2
fág,leave,v1a,1
faghair,fire,v2c,2
faichill,mind,v1b,1
faigh,get,v3,3
failligh,neglect,v2b,2
failp,whip,v1b,1
éilligh,corrupt,v2b,2
éimigh,refuse,v2b,2
éinirtigh,enfeeble,v2b,2
éirigh,rise,v2b,2
eis,exist,v1b,1
eisc,excise,v1b,1
eiscrigh,ridge,v2b,2
eiscríobh,escribe,v1a,1
eiseachaid,extradite,v1b,1
eiseamláirigh,exemplify,v2b,2
eiséat,escheat,v1a,1
eisfhaighnigh,evaginate,v2b,2
eisfhear,excrete,v1a,1
eisiacht,eject,v1a,1
eisiaigh,exclude,v1d,1
eisigh,issue,v2b,2
eisil,emanate,v1b,1
eisíoc,disburse,v1a,1
eisleath,effuse,v1a,1
eislig,egest,v1b,1
eispéirigh,experience,v2b,2
eisreachtaigh,proscribe,v2a,2
eisréimnigh,diverge,v2b,2
eisribigh,epilate,v2b,2
éist,listen,v1b,1
eistearaigh,esterify,v2a,2
eisteilg,eject,v1b,1
eistréat,estreat,v1a,1
éitearaigh,etherize,v2a,2
eitialaigh,etiolate,v2a,2
eitigh,refuse,v2b,2
eitil,fly,v2d,2
eitrigh,furrow,v2b,2
eitseáil,etch,v1c,1
eochairshiúntáil,key-joint,v1c,1
eochraigh,key,v2a,2
fabhraigh1,form,v2a,2
fabhraigh2,favor,v2a,2
fabhtaigh,contaminate,v2a,2
fabhtcheartaigh,troubleshoot,v2a,2
fachtóirigh,factorize,v2b,2
facsáil,fax,v1c,1
fadaigh1,set,v2a,2
fadaigh2,lengthen,v2a,2
fág,leave,v1a,1
faghair,fire,v2c,2
faichill,mind,v1b,1
failligh,neglect,v2b,2
failp,whip,v1b,1
fáiltigh,welcome,v2b,2
fáinneáil,lunge,v1c,1
fáinnigh,ring,v2b,2
fair,watch,v1b,1
fáir,roost,v1b,1
fairsingigh,widen,v2b,2
fáisc,squeeze,v1b,1
faisnéis,relate,v1b,1
fáistinigh,prophesy,v2b,2
fáithimigh,hem,v2b,2
fálaigh,fence,v2a,2
fallaingigh,drape,v2b,2
falsaigh,falsify,v2a,2
fan,stay,v1a,1
fánaigh,disperse,v2a,2
fannaigh,weaken,v2a,2
faobhraigh,sharpen,v2a,2
faoileáil,wheel,v1c,1
faoisc,shell,v1b,1
faomh,accept,v1a,1
fás,grow,v1a,1
fásaigh,lay waste,v2a,2
fásáil,face off,v1c,1
fáthmheas,diagnose,v1a,1
feabhsaigh,better,v2a,2
feac,bend,v1a,1
féach,look,v1a,1
féad,be able to,v5,5
feadair,know,v5,5
feagánaigh,chase,v2a,2
feáigh,fathom,v1d,1
feall,betray,v1a,1
fealhnharaigh,assassinate,v2a,2
feamnaigh,cover with seaweed,v2a,2
feanáil,fan,v1c,1
feann,flay,v1a,1
fear,grant,v1a,1
fearastaigh,equip,v2a,2
feargaigh,anger,v2a,2
féastaigh,feast,v2a,2
feic,see,v3,3
féichiúnaigh,debit,v2a,2
feidhmigh,function,v2b,2
feighil,watch,v1fs,1
feil,suit,v1b,1
feiltigh,felt,v2b,2
féinphailnigh,self-pollinate,v2b,2
feir,house,v1b,1
feistigh,arrange,v2b,2
feith,observe,v1b,1
feoigh,wither,v1d,1
fiach,hunt,v1a,1
fiafraigh,ask,v2a,2
fialaigh,veil,v2a,2
fianaigh,attest,v2a,2
fiar,slant,v1a,1
ficseanaigh,fictionalize,v2a,2
fideáil,feed,v1c,1
Cgh,weave,v1h,1
fill,bend,v1b,1
filléadaigh,fillet,v2a,2
fimbrigh,fimbriate,v2b,2
fíneáil,fine,v1c,1
fínigh,decay,v2b,2
fionn',whiten,v1a,1
fionn1,ascertain,v1a,1
fionnachtain,discover,v1b,1
fionnuaraigh,cool,v2a,2
fionraigh,wait,v2a,2
fíoraigh1,figure,v2a,2
fíoraigh2,verify,v2a,2
fíordheimhnigh,authenticate,v2b,2
fíor-rothaigh,true-wheel,v2a,2
fíorshocraigh,set true,v2a,2
fíorúlaigh,virtualize,v2a,2
Cosaigh,know,v2a,2
fiosraigh,inquire,v2a,2
fireannaigh,masculinize,v2a,2
fírinnigh,justify,v2b,2
fithisigh,orbit,v2b,2
fiuch,boil,v1a,1
flipeáil,flip,v1c,1
fliuch,wet,v1a,1
flocasaigh,flocculate,v2a,2
flosc,excite,v1a,1
fluairídigh,fluoridate,v2b,2
fluairínigh,fluorinate,v2b,2
flúirsigh,make abundant,v2b,2
fócasaigh,focus,v2a,2
fochiallaigh,connote,v2a,2
fo-chuir,undersow,v1b,1
fódaigh,bank with sods,v2a,2
fodháil,apportion,v1b,1
fo-eagraigh,subedit,v2a,2
fofhostaigh,subemploy,v2a,2
fofhuaigh,understitch,v1d,1
fógair,proclaim,v2c,2
foghearr,undercut,v1a,1
fo-ghlac,subsume,v1a,1
foghlaigh,plunder,v2a,2
foghlaim,leam,v2e,2
foghraigh,sound,v2a,2
foighnigh,endure,v2b,2
foilseán,exhibit,v1a,1
foilsigh,reveal,v2b,2
fóin,serve,v1bx,1
foinsigh,dawn,v2b,2
fóir,help,v1b,1
foirb,knurl,v1b,1
foirbhigh,perfect,v2b,2
foirceann,terminate,v1a,1
fóirdheonaigh,subsidize,v2a,2
foirfigh,complete,v2b,2
foirgnigh,build,v2b,2
fóirigh,face,v2b,2
foirmigh,form,v2b,2
foirmligh,formulate,v2b,2
foithnigh,shelter,v2b,2
fol,molt,v1a,1
folaigh,hide,v2a,2
folc,bathe,v1a,1
folean,follow after,v1a,1
foleath,underlay,v1a,1
folig,sublet,v1b,1
folinigh,underscore,v2b,2
foh'on,supplement,v1a,1
follúnaigh,rule,v2a,2
folmhaigh,empty,v2a,2
foloisc,scorch,v1b,1
fómhais,tax,v1bx,1
fonsaigh,hoop,v2a,2
fo-ordaigh,subordinate,v2a,2
foráil,command,v1c,1
foraithin,decree,v2d,2
fo-rangaigh,subclassify,v2a,2
foraoisigh,afforest,v2b,2
forasaigh,ground,v2a,2
forbair,develop,v2c,2
forbheirigh,boil over,v2b,2
forcáil,fork,v1c,1
forcheil,cover up,v1b,1
forchéimnigh,proceed,v2b,2
forchiaUaigh,connote,v2a,2
forchlóigh,overprint,v1d,1
forchneasaigh,cicatrize,v2a,2
forchoimeád,reserve,v1a,1
forchóirigh,overhaul,v2b,2
forchuimil,grate,v2d,2
forchuir,impose,v1b,1
forchúitigh,recoup,v2b,2
fordhing,press down,v1b,1
fordhóigh,scorch,v1d,1
fordhubhaigh,darken,v2a,2
foréignigh,force,v2b,2
foréiligh,requisition,v2b,2
forfheidhmigh,implement,v2b,2
forfhill,overfold,v1b,1
forfhuaraigh,supercool,v2a,2
forghabh,grasp,v1a,1
forghair,summon,v1b,1
forghéill,forfeit,v1b,1
forghníomhaigh,execute,v2a,2
forghoin,wound severely,v1b,1
forghrádaigh,prograde,v2a,2
foriaigh,close,v1d,1
forlámhaigh,dominate,v2a,2
forleag,overlay,v1a,1
forlean,adhere,v1a,1
foriéas,demise,v1a,1
forleath,broadcast,v1a,1
forleathnaigh,widen,v2a,2
forléirigh,construe,v2b,2
forlíon,overfill,v1a,1
forloisc,fire,v1b,1
forluigh,overlap,v1h,1
formáidigh,format,v2b,2
formhéadaigh,magnify,v2a,2
formheas,approve,v1a,1
formhínigh,elaborate,v2b,2
formhol,eulogize,v1a,1
formhúch,smother,v1a,1
formhuinigh,endorse,v2b,2
formhuirearaigh,surcharge,v2a,2
forógair,proclaim,v2c,2
foroinn,subdivide,v1b,1
forordaigh,preordain,v2a,2
fórsáil,force,v1c,1
forscaoil,loose,v1b,1
forsceith,overflow,v1b,1
forscríobh,overwrite,v1a,1
forsháithigh,supersaturate,v2b,2
forshéid,overblow,v1b,1
forshrathnaigh,overlie,v2a,2
forshuigh,superimpose,v1h,1
fortaigh,aid,v2a,2
forthacht,garrotte,v1a,1
forthairg,tender,v1b,1
forthéigh,superheat,v1e,1
fortheilg,project,v1b,1
forthiomáin,overrun,v1b,1
foruaisligh,ennoble,v2b,2
forualaigh,overload,v2a,2
foscríobh,subscribe,v1a,1
fosfáitigh,phosphatize,v2b,2
fostaigh,hire,v2a,2
fostríoc,underscore,v1a,1
fótachóipeáil,photocopy,v1c,1
fothaigh,found,v2a,2
fothainigh,shelter,v2b,2
fotheidealaigh,subtitle,v2a,2
fothraig,bathe,v1bx,1
frainceáil,frank,v1c,1
frainseáil,fringe,v1c,1
frámaigh,frame,v2a,2
frámáil,frame,v1c,1
frapáil,prop,v1c,1
frasaigh,shower,v2a,2
freagair,answer,v2c,2
fréamhaigh,root,v2a,2
fréaimhshamhaltaigh,prototype,v2a,2
freang,twist,v1a,1
freasaigh,react,v2a,2
freaschuir,reverse,v1b,1
freastail,attend,v2f,2
frioch,fry,v1a,1
friotaigh,resist,v2a,2
friotháil,attend,v1c,1
frisnéis,refute,v1b,1
fritháirigh,set off,v2b,2
frithbheartaigh,counteract,v2a,2
frithbhuail,strike against,v1b,1
frithchaith,reflect,v1b,1
frith-chómhalartaigh,anticommute,v2a,2
frithchothromaigh,counterbalance,v2a,2
frithéiligh,counterclaim,v2b,2
frithgheall,underwrite,v1a,1
frithghrúomhaigh,react,v2a,2
frithingigh,reciprocate,v2b,2
frithionsaigh,counterattack,v2a,2
frithmháirseáil,countermarch,v1c,1
frithoibrigh,negate,v2b,2
frithráigh,contradict,v1d,1
frithsheiptigh,antisepticize,v2b,2
frithsheol,reverse,v1a,1
frithshuigh,contrast,v1h,1
frithspréigh,reverberate,v1e,1
fritoll,counterbore,v1a,1
fruilcheannaigh,hire-purchase,v2a,2
fruiligh,engage,v2b,2
fuadaigh,abduct,v2a,2
fuaidrigh,wander,v2b,2
fuaigh,sew,v1d,1
fuaiminsligh,sound-insulate,v2b,2
fuaimnigh,pronounce,v2b,2
fual,urinate,v1a,1
fuaraigh,cool,v2a,2
fuardheataigh,cold-smoke,v2a,2
fuarfhaghair,chill,v2c,2
fuascail,release,v2c,2
fuathaigh,hate,v2a,2
fuiligh,bleed,v2b,2
fuin',knead,v1b,1
fuin2,set,v1b,1
fuinnmhigh,energize,v2b,2
fuipeáil,whip,v1c,1
fuirigh,wait,v2b,2
fuirsigh,harrow,v1x,1
fulaing,bear,v2e,2
futráil,jabber,v1c,1
gabh,take,v1a,1
gabháil,capture,v1c,1
gabhlaigh,fork,v2a,2
Gaelaigh,Hibemicize,v2a,2
gág,crack,v1a,1
gaibhnigh',forge,v2b,2
gaibhnigh2,impound,v2b,2
gaineamhrois,sandblast,v1b,1
gáinneáil,traffic,v1c,1
gainnigh,scale,v2b,2
gair,call,v1b,1
gáir,shout,v1b,1
gairdigh,rejoice,v2b,2
gairidigh,shorten,v2b,2
gairmiúlaigh,professionalize,v2a,2
gaimisigh,gamish,v2b,2
gais,gush,v1b,1
gaistigh,trap,v2b,2
galaigh,vaporize,v2a,2
galbhánaigh,galvanize,v2a,2
galldaigh,foreignize,v2a,2
gallúnaigh,saponify,v2a,2
galphreasáil,steampress,v1c,1
galraigh,sicken,v2a,2
galstobh,braise,v1a,1
gannaigh,make scarce,v2a,2
ganniomlánaigh,undertotal,v2a,2
ganniontráil,understate,v1c,1
gannléigh,underread,v1e,1
gannmharcáil,undermark,v1c,1
gannmheas,underestimate,v1a,1
gaolaigh,relate,v2a,2
gaothraigh,fan,v2a,2
gaothstoith,windthrow,v1d,1
garbhaigh,roughen,v2a,2
garbhfhíoraigh,verify roughly,v2a,2
garbhshnoigh,roughhew,v1h,1
garbhtheilg,roughcast,v1b,1
garbhtholl,roughbore,v1a,1
gardáil,guard,v1c,1
gargaigh,make harsh,v2a,2
gargraisigh,gargle,v2b,2
gásaigh,£as,v2a,2
gasumpáil,gazump,v1c,1
gasundráil,gazunder,v1c,1
gathaigh1,sting,v2a,2
gathaigh2,gaff,v2a,2
geab,talk,v1a,1
geafáil,gaff,v1c,1
géagaigh,branch,v2a,2
geal,whiten,v1a,1
geall,pledge,v1a,1
geallearb,pawn,v1a,1
geal-leasaigh,taw,v2a,2
geamhaigh,blur,v2a,2
geamhraigh,spring,v2a,2
géaraigh,sharpen,v2a,2
gearáin,complain,v1bx,1
géarísligh,plungc,v2b,2
géarphrímeáil,sharp-prime,v1c,1
gearr,cut,v1a,1
gearrchiorcad,short-circuit,v1a,1
gearrUostaigh,shortlist,v2a,2
geilitínigh,gelatinize,v2b,2
géiU,yield,v1b,1
géim,beUow,v1b,1
geimhligh,fetter,v2b,2
geimhreánaigh,winterize,v2a,2
geimhrigh,winter,v2b,2
geiminigh,geminate,v2b,2
geit,jump,v1b,1
geoidligh,yodel,v2b,2
geoshuigh,georeference,v1h,1
giaráil,gear,v1c,1
giarsáU,joist,v1c,1
gibir,dribble,v2d,2
gin,givc birth to,v1b,1
ginearálaigh,generalize,v2a,2
ginidigh,germinate,v2b,2
ginmhill,abort,v1b,1
giob,pick,v1a,1
gíog,cheep,v1a,1
giolc1,cane,v1a,1
giolc2,tweet,v1a,1
gioUaigh,lead,v2a,2
gíoráil,gyrate,v1c,1
giorraigh,shorten,v2a,2
giortaigh,shorten,v2a,2
giortáil,gird,v1c,1
giosáil,fizz,v1c,1
giotaigh,break in bits,v2a,2
giúmaráil,humor,v1c,1
glac,take,v1a,1
glaeigh,glue,v1d,1
glam,bark,v1a,1
glám,grab,v1a,1
glan,clean,v1a,1
glanluacháil,net,v1c,1
glaoigh,call,v1d,1
glasaigh,become green,v2a,2
glasáil,lock,v1c,1
glasfhuaigh,catch-stitch,v1d,1
gleadhair,pelt,v1f,1
glean,stick,v1a,1
gleanaigh,agglutinate,v2a,2
gléas,adjust,v1a,1
gléasaistrigh,transpose,v2b,2
gléghlan,clarify,v1a,1
gléir,gley,v1b,1
gleois,babble,v1b,1
glicrínigh,glycerinate,v2b,2
gligleáil,clink,v1c,1
glinneáil,wind,v1c,1
glinnigh,scrutinize,v2b,2
gliogáil,click,v1c,1
gliúáil,glue,v1c,1
gloinigh,vitrify,v2b,2
glóirigh,glorify,v2b,2
glónraigh,glaze,v2a,2
glóraigh,voice,v2a,2
glórmharaigh,glorify,v2a,2
glóthaigh,gel,v2a,2
gluais,move,v1b,1
glúinigh,proliferate,v2b,2
gnáthaigh,practice,v2a,2
gnéasaithin,sex,v1b,1
gnéithigh,mend,v2b,2
gniomhachtaigh,activate,v2a,2
gníomhaigh,act,v2a,2
gníomhraigh,actuate,v2a,2
gnóthaigh,win,v2a,2
gob,peck,v1a,1
góchum,counterfeit,v1a,1
gófráil,goffer,v1c,1
gogail,gobble,v2f,2
goid,steal,v1b,1
goU,weep,v1b,1
goiligh,gut,v2b,2
goill,grieve,v1b,1
giortáil,gird,v1c,1
giosáil,fizz,v1c,1
giotaigh,break in bits,v2a,2
giúmaráil,humor,v1c,1
glac,take,v1a,1
glaeigh,glue,v1d,1
glam,bark,v1a,1
glám,grab,v1a,1
glan,clean,v1a,1
glanluacháil,net,v1c,1
glaoigh,call,v1d,1
glasaigh,become green,v2a,2
glasáil,lock,v1c,1
glasfhuaigh,catch-stitch,v1d,1
gleadhair,pelt,v1f,1
glean,stick,v1a,1
gleanaigh,agglutinate,v2a,2
gléas,adjust,v1a,1
gléasaistrigh,transpose,v2b,2
gléghlan,clarify,v1a,1
gléir,gley,v1b,1
gleois,babble,v1b,1
glicrínigh,glycerinate,v2b,2
gligleáil,clink,v1c,1
glinneáil,wind,v1c,1
glinnigh,scrutinize,v2b,2
gliogáil,click,v1c,1
gliúáil,glue,v1c,1
gloinigh,vitrify,v2b,2
glóirigh,glorify,v2b,2
glónraigh,glaze,v2a,2
glóraigh,voice,v2a,2
glórmharaigh,glorify,v2a,2
glóthaigh,gel,v2a,2
gluais,move,v1b,1
glúinigh,proliferate,v2b,2
gnáthaigh,practice,v2a,2
gnéasaithin,sex,v1b,1
gnéithigh,mend,v2b,2
gniomhachtaigh,activate,v2a,2
gníomhaigh,act,v2a,2
gníomhraigh,actuate,v2a,2
gnóthaigh,win,v2a,2
gob,peck,v1a,1
góchum,counterfeit,v1a,1
gófráil,goffer,v1c,1
gogail,gobble,v2f,2
goid,steal,v1b,1
goil,weep,v1b,1
goiligh,gut,v2b,2
goill,grieve,v1b,1
goin*,wound,v1b,1
goin2,jink,v1b,1
gor,heat,v1a,1
gormaigh,color blue,v2a,2
gortaigh,hurt,v2a,2
gortghlan,weed out,v1a,1
gotháil,gesticulate,v1c,1
grabáil,grab,v1c,1
grábháil,engrave,v1c,1
grádaigh,grade,v2a,2
graf,graph,v1a,1
grafshaothraigh,assart,v2a,2
gráigh,love,v1d,1
gráinigh,hate,v2b,2
gráinnigh,grain,v2b,2
gráinseáil,nibble,v1c,1
gránaigh,granulate,v2a,2
grátáil,grate,v1c,1
gread,strike <,v1a,1
greagnaigh,pave,v2a,2
greamaigh,attach,v2a,2
grean,engrave,v1a,1
greanáil,sand,v1c,1
greannaigh,irritate,v2a,2
greanrois,gritblast,v1b,1
greasáil,beat,v1c,1
gréisc,grease,v1b,1
gréiseáil,grease,v1c,1
grian,sun,v1a,1
grianraigh,insoiate,v2a,2
gnnnbhreathnaigh,scrutinize,v2a,2
grinndearc,scrutinize,v1a,1
grinneall,sound,v1a,1
grinnigh,scrutinize,v2b,2
grinnscrúdaigh,examine closely,v2a,2
griog,tease,v1a,1
grioll,grill,v1a,1
griosaigh,fíre,v2a,2
gríosc,broil,v1a,1
griotháil,grunt,v1c,1
griothalrois,gritblast,v1b,1
grod,quicken,v1a,1
grodloisc,deflagrate,v1b,1
gróig,foot,v1b,1
gruáil,facet,v1c,1
gruamaigh,darken,v2a,2
grúdaigh,brew,v2a,2
grúntáil,sound,v1c,1
gnipáil,group,v1c,1
grútáil,grout,v1c,1
gruthaigh,curdle,v2a,2
guaileáil,shoulder,v1c,1
guairigh,bristle,v2b,2
gualaigh,char,v2a,2
gúgláU,google,v1c,1
guigh,pray,v1h,1
guilbnigh,peck,v2b,2
guUeáil,gull,v1c,1
gúistigh,gouge,v2b,2
gumaigh,gum,v2a,2
guthaigh,voice,v2a,2
haemalaigh,hemolyze,v2a,2
haicleáil,hackle,v1c,1
haigleáil,haggle,v1c,1
haiseáil,hash,v1c,1
haisteáil,hatch,v1c,1
hapáil,hop,v1c,1
héadaigh,hade,v2a,2
haemalaigh,hemolyze,v2a,2
Heilléanaigh,Hellenize,v2a,2
hibridigh,hybridize,v2b,2
hidrealaigh,hydrolyze,v2a,2
hidriginigh,hydrogenate,v2b,2
híleáil,heel,v1c,1
hinigh,henna,v2b,2
hiodráitigh,hydrate,v2b,2
hiopnóisigh,hypnotize,v2b,2
hipearanálaigh,hyperventilate,v2a,2
hipearluchtaigh,hypercharge,v2a,2
homaiginigh,homogenize,v2b,2
húcáil,hook,v1c,1
hulahupáil,hula-hoop,v1c,1
iadaigh,iodize,v2a,2
adáirigh,iodate,v2b,2
aigh,close,v1d,1
ianaigh,ionize,v2a,2
iarcheangail,append,v2c,2
iarchuir,defer,v1b,1
iardhátaigh,postdate,v2a,2
tarmharaigh,residualize,v2a,2
iamaigh,fetter,v2a,2
iarnáil,iron,v1c,1
iarr,request,v1a,1
iar-réasúnaigh,rationalize,v2a,2
iartharaigh,westemize,v2a,2
iasachtaigh,lend,v2a,2
iasc,fish,v1a,1
idéalaigh,idealize,v2a,2
ídigh,use,v2b,2
idirbheartaigh,negotiate,v2a,2
idirbhris,interrupt,v1b,1
idircheap,intercept,v1a,1
idirchuir,interpose,v1b,1
idirdhealaigh,differentiate,v2a,2
idirdhuilligh,interleave,v2b,2
idirfhás,intergrow,v1a,1
idirfhásáil,interface,v1c,1
idirfhigh,interweave,v1h,1
idirghabh,intervene,v1a,1
idirghníomhaigh,interact,v2a,2
idirláimhsigh,intermcddle with,v2b,2
idirleath,diffuse,v1a,1
idirlínigh,interline,v2b,2
idirmhalartaigh,interchange,v2a,2
idirmhínigh,interpret,v2b,2
idirphléigh,interface,v1d,1
idir-réitigh,conciliate,v2b,2
idir-roinn,partition,v1b,1
idirscar,part,v1a,1
idirscoir,interrupt,v1b,1
idirsháigh,intercalatc,v1d,1
idirshuigh,interpose,v1h,1
idirstcali,interject,v1a,1
ilbhliantaigh,perennate,v2a,2
ilchóipeáil,manifold,v1c,1
ileagraigh,array,v2a,2
íligh,oil,v2b,2
ilphléacsaigh,multiplex,v2a,2
imaistrigh,move about,v2b,2
imalartaigh,reprieve,v2a,2
imchas,rotate,v1a,1
imchéimnigh,walk about,v2b,2
imchlóigh,tum about,v1d,1
imchlúdaigh,envelop,v2a,2
imchochlaigh,encapsulate,v2a,2
imchosain,defend,v2c,2
imchroith,sprinkle,v1b,1
imdháil,distribute,v1b,1
imdhealaigh,separate,v2a,2
imdhearg,reproach,v1a,1
imdhíon,immunize,v1a,1
imdhion-mhcasúnaigh,immunoassay,v2a,2
imdhíon-mhodhnaigh,immunomodulate,v2a,2
imdhruid,encompass,v1b,1
imeaglaigh,intimidate,v2a,2
imeallaigh,marginalize,v2a,2
imeasc,integrate,v1a,1
imfhálaigh,enclose,v2a,2
imghabh,avoid,v1a,1
imghlan,cleanse,v1a,1
imigh,go,v2b,2
imir,play,v2d,2
imirc,migrate,v1b,1
imlinigh,outline,v2b,2
imloisc,singe,v1b,1
imlonnaigh,deploy,v2a,2
imoibrigh,react,v2b,2
imphléasc,collapse,v1a,1
impigh,entreat,v2b,2
impleachtaigh,imply,v2a,2
impórtáil,import,v1c,1
imréitigh,clear,v2b,2
imrigh,tint,v2b,2
imroinn,segment,v1b,1
imrothlaigh,revolve,v2a,2
imscaoil,scatter about,v1b,1
imscar,separate,v1a,1
imscríobh,circumscribe,v1a,1
imscrúdaigh,investigate,v2a,2
imshiúil,circumambulate,v1bx,1
imshocraigh,compound,v2a,2
imshuigh,invest,v1h,1
imthairg,bid,v1b,1
imtharraing,attract,v2e,2
imtheorannaigh,intem,v2a,2
imthnúth,envy,v1a,1
imthreascair,wrestle,v2c,2
inbhéartaigh,invert,v2a,2
incrimintigh,increment,v2b,2
indeoisigh,incardinate,v2b,2
indhealaigh,separate out,v2a,2
indibhidigh,individuate,v2b,2
indibhidiúlaigh,individualize,v2a,2
ineirgigh,energize,v2b,2
infeirigh,infer,v2b,2
infheistigh,invest,v2b,2
infhill,fold inwards,v1b,1
inghreamaigh,inhere,v2a,2
inghreim,persecute,v1b,1
ingnigh,claw,v2b,2
iniaigh,enclose,v1d,1
inis,tell,v2d,2
inísligh,humble,v2b,2
iniúch,scrutinize,v1a,1
inleag,inlay,v1a,1
inleath,suffuse,v1a,1
inmheánaigh,intemalize,v2a,2
inmhíolaigh,infest,v2a,2
innéacsaigh,index,v2a,2
inneallfhuaigh,machine-sew,v1d,1
inneallghrean,engine-turn,v1a,1
innghread,tip,v1a,1
innill,arrange,v2d,2
inniúlaigh,capacitate,v2a,2
inphléasc,implode,v1a,1
inréimnigh,converge,v2b,2
inscríobh,inscribe,v1a,1
insealbhaigh,invest,v2a,2
inseamhnaigh,inseminate,v2a,2
insil,instill,v1b,1
insíothlaigh,infiltrate,v2a,2
insligh,insulate,v2b,2
inspreag,inspire,v1a,1
insteall,inject,v1a,1
insuigh,plug in,v1h,1
inteilg,introject,v1b,1
intit,collapse,v1b,1
íobair,sacrifice,v2c,2
ioc1,pay,v1a,1
íoc2,heal,v1a,1
ioclcasaigh,medicate,v2a,2
iodálaigh,italicize,v2a,2
iograigh,sensitize,v2a,2
iolraigh,multiply,v2a,2
iomadaigh,multiply,v2a,2
iomáin,hurl,v1b,1
iomair,row,v2c,2
iomalartaigh,commute,v2a,2
iomardaigh,reproach,v2a,2
iomasaigh,intuit,v2a,2
iombháigh,submerge,v1d,1
iomlaisc,tumble,v1bx,1
iomlánaigh,complete,v2a,2
iomlaoidigh,fluctuate,v2b,2
iomluaigh,move,v1d,1
iompaigh,tum,v2a,2
iompair,carry,v2c,2
iompórtáil,import,v1c,1
ionaclaigh,inoculate,v2a,2
ionadaigh,place,v2a,2
ionaigh,purify,v2a,2
ion-análaigh,inhale,v2a,2
ionannaigh,equalize,v2a,2
ionchasaigh,anticipate,v2a,2
ionchlannaigh,implant,v2a,2
ionchódaigh,encode,v2a,2
ionchoirigh,incriminate,v2b,2
ionchollaigh,incarnate,v2a,2
ionchorpraigh,incorporate,v2a,2
ionchuir,input,v1b,1
ionchúisigh,prosecute,v2b,2
ionchultúraigh,inculturate,v2a,2
iondoirt,infuse,v1b,1
ionduchtaigh,induce,v2a,2
ionfhabhtaigh,infect,v2a,2
ionfhaighnigh,invaginate,v2b,2
ionghabh,ingest,v1a,1
íonghlan,purify,v1a,1
ionnail,wash,v1fx,1
ionphlandaigh,implant,v2a,2
ionphóraigh,inbreed,v2a,2
ionradaigh,irradiate,v2a,2
ionramháil,handle,v1c,1
ionsaigh,attack,v2a,2
ionsáigh,insert,v1d,1
ionsamhlaigh,simulate,v2a,2
ionsoilsigh,illuminate,v2b,2
ionstraimigh,instrument,v2b,2
ionsuigh,plug in,v1h,1
ionsúigh,absorb,v1d,1
iontaigh,immit,v2a,2
iontaisigh,fossilize,v2b,2
iontonaigh,intone,v2a,2
iontráil,enter,v1c,1
íoschéimnigh,step down,v2b,2
íosfhreang,downwarp,v1a,1
íosghrádaigh,downgrade,v2a,2
íoslaghdaigh,minimize,v2a,2
ioslódáil,download,v1c,1
iosmhéadaigh,minimize,v2a,2
íosnasc,downlink,v1a,1
íospair,ill-treat,v2c,2
íosreoigh,deep-freeze,v1d,1
irisigh,gazette,v2b,2
ísligh,lower,v2b,2
ith,eat,v3,3
jeamáil,jam,v1c,1
jeidhbeáil,jibe,v1c,1
jeighbheáil,jive,v1c,1
labáil,lob,v1c,1
labhair,speak,v2c,2
ládáil,lade,v1c,1
lag,ease,v1a,1
lagaigh,weaken,v2a,2
laghdaigh,lessen,v2a,2
láib,muddy,v1b,1
laibhínigh,leaven,v2b,2
Laidinigh,Latinize,v2b,2
láidrigh,strengthen,v2b,2
láigh,dawn,v1d,1
láimhseáil,manage ,v1c,1
láimhsigh,handle,v2b,2
lainseáil,launch,v1c,1
laíonáil,pulp,v1c,1
láist,leach,v1b,1
laisteáil,latch,v1c,1
láithrigh,appear,v2b,2
lámhacán,walk,v1a,1
lámhach,shoot,v1a,1
lámhaigh,shoot,v2a,2
lamháil,allow,v1c,1
lámhfhuaigh,handsew,v1d,1
lámhphriontáil,handprint,v1c,1
lámhscaoil,manumit,v1b,1
lámhtheann,handtighten,v1a,1
lánaigh,fill out,v2a,2
lannaigh,laminate,v2a,2
lansaigh,lance,v2a,2
lánscoir,dissolve,v1b,1
lánseiceáil,check out,v1c,1
lántáblaigh,full-tab,v2a,2
laobh,bend,v1a,1
laoin,stretch out,v1b,1
láraigh,centralize,v2a,2
lárnaigh,center,v2a,2
las,light,v1a,1
lásáil,lace,v1c,1
lasairdhíon,flameproof,v1a,1
lasc,lash,v1a,1
lascainigh,discount,v2b,2
lascfhuaigh,whipstitch,v1d,1
lastáil,lade,v1c,1
lataigh,slat,v2a,2
leabaigh,bed,v2a,2
leabashiúntáil,bed-joint,v1c,1
leabhlaigh,libel,v2a,2
leabhraigh',extend,v2a,2
leabhraigh2,swear,v2a,2
leac,stave in,v1a,1
leacaigh,flatten,v2a,2
lcachtaigh,liquefy,v2a,2
leachtdealaigh,liquate,v2a,2
leachtiompair,entrain,v2c,2
leadair,smite,v2c,2
leadhb,tear in strips,v1a,1
leadhbair,beat,v2c,2
leadráil,stuff,v1c,1
ieag,knock down,v1a,1
leáigh,melt,v1d,1
leaindeáil,land,v1c,1
lcamh,render impotent,v1a,1
lcamhsháinnigh,stalemate,v2b,2
lean,follow,v1a,1
leang,strike,v1a,1
léarscáiligh,map,v2b,2
léas,welt,v1a,1
leasaigh,amend,v2a,2
léasaigh,lease,v2a,2
léaschóipeáil,beam,v1c,1
leaschraol,relay,v1a,1
leath,spread,v1a,1
leathlíneáil,half-line,v1c,1
leathnaigh,widen,v2a,2
leibhéal,level,v1a,1
leictreachlóigh,electrotype,v1d,1
leictrealaigh,electrolyze,v2a,2
leictreamharaigh,electrocute,v2a,2
leictreaphlátáil,electroplate,v1c,1
leictrigh,electrify,v2b,2
léigh,read,v1e,1
leigheas,heal,v1a,1
léim,jump,v1b,1
leimigh,lemmatize,v2b,2
léirbhreithnigh,review,v2b,2
léirchruthaigh,demonstrate,v2a,2
léirghlan,clarify,v1a,1
léirghoin,wound deeply,v1b,1
léirigh1,explain,v2b,2
léirigh2,beat,v2b,2
léirléigh,interpret,v1e,1
léirmhinigh,expound,v2b,2
léirscríobh,engross,v1a,1
léirscrios,devastate,v1a,1
léirshamhlaigh,model,v2a,2
léirsigh,demonstrate,v2b,2
léirsmaoinigh,meditate,v2b,2
leithdháil,allocate,v1b,1
leitheadaigh,spread,v2a,2
leithghabh,appropriate,v1a,1
leithlisigh,isolate,v2b,2
leithreasaigh,appropriate,v2a,2
leithroinn,allot,v1b,1
leithscar,segregate,v1a,1
leornh,allow,v1a,1
leon,sprain,v1a,1
liánaigh,trowel,v2a,2
liath,gray,v1a,1
lig,let,v1b,1
hgh,lick,v1h,1
lignigh,lignify,v2b,2
lindreáil,parge,v1c,1
lineachaigh,linearize,v2a,2
líneáil,line,v1c,1
línigh,line,v2b,2
linseáil,lynch,v1c,1
liobair,tear,v2c,2
liobrálaigh,liberalize,v2a,2
lióifiligh,lyophilize,v2b,2
liomh,grind,v1a,1
líomhain,allege,v2c,2
líon,fill,v1a,1
liongáil,wobble,v1c,1
líonraigh,network,v2a,2
líontánaigh,reticulate,v2a,2
liopáil,lip,v1c,1
liostaigh,list,v2a,2
liostáil,enlist,v1c,1
lipéad,tag,v1a,1
lipéadaigh,label,v2a,2
lisigh,lyse,v2b,2
liteagraf,lithograph,v1a,1
litigh,lithify,v2b,2
litrigh,spell,v2b,2
liúdráil,beat,v1c,1
liúigh,yell,v1d,1
liúr,beat,v1a,1
lobh,rot,v1a,1
loc',pen,v1a,1
loc’,pluck,v1a,1
locáil,localize,v1c,1
locair,plane,v2c,2
lochtaigh,fault,v2a,2
lódáil,load,v1c,1
lodair,muddy,v2c,2
lóg,cry,v1a,1
logáil,log,v1c,1
logánaigh,localize,v2a,2
iogh,remit,v1a,1
loic,flinch,v1b,1
loighcigh,logicize,v2b,2
loineáil,chum,v1c,1
loingsigh,navigate,v2b,2
loisc,bum,v1b,1
lóisteáil,lodge,v1c,1
loit,hurt,v1b,1
lom,lay bare,v1a,1
lomair,shear,v2c,2
lomlion,fill to capacity,v1a,1
lomraigh,denude,v2a,2
lónaigh,supply,v2a,2
long,swallow,v1a,1
lonnaigh1,stay,v2a,2
lonnaigh2,become angry,v2a,2
lonraigh,shine,v2a,2
lorg,seek,v2f,2
luacháil,value,v1c,1
luachlaghdaigh,depreciate,v2a,2
luachmhéadaigh,appreciate,v2a,2
luaigh,mention,v1d,1
luainigh,move quickly,v2b,2
luaithrigh,sprinkle with ashes,v2b,2
luasc,swing,v1a,1
luascáU,yaw,v1c,1
luasdiailigh,speed-dial,v2b,2
luasghéaraigh,accelerate,v2a,2
luasmhoilligh,decelerate,v2b,2
luathaigh,quicken,v2a,2
luathbhruith,spatchcock,v1b,1
lúb,loop,v1a,1
lúbáil,link,v1c,1
lúcháirigh,rejoice,v2b,2
luchtaigh,charge,v2a,2
lufáil,luff,v1c,1
luigh,lie,v1h,1
luisnigh,blush,v2b,2
lútáil,fawn,v1c,1
macadamaigh,macadamize,v2a,2
macallaigh,echo,v2a,2
macasamhlaigh,reproduce,v2a,2
máchailigh,impair,v2b,2
machnaigh,meditate,v2a,2
maidhm,break,v1bx,1
maígh,state,v1g,1
maighnéadaigh,magnetize,v2a,2
mailéáitigh,maleate,v2b,2
mainicineáil,model,v1c,1
mainnigh,default,v2b,2
mair,live,v1b,1
maircigh,gall,v2b,2
máirseáil,march,v1c,1
maisigh,adom,v2b,2
maistrigh,chum,v2b,2
máistrigh,master,v2b,2
maith,forgive,v1b,1
máithreánaigh,matriculate,v2a,2
máithrigh,mother,v2b,2
malartaigh,exchange,v2a,2
malgamaigh,amalgamate,v2a,2
mallaigh,curse,v2a,2
mámáil,lavish,v1c,1
mantaigh,indent,v2a,2
maoinigh,finance,v2b,2
maoirsigh,oversee,v2b,2
maolaigh,make bare,v2a,2
maolánaigh,buffer,v2a,2
maoscail,wade,v2c,2
maothaigh,soften,v2a,2
maothlaigh,mellow,v2a,2
mapáil1,map,v1c,1
mapáil2,mop,v1c,1
maraigh,kill,v2a,2
maranáidigh,marinate,v2b,2
marbhsháinnigh,checkmate,v2b,2
marcaigh,ride,v2a,2
marcáil,mark,v1c,1
margaigh,market,v2a,2
marlaigh,fertilizc with,v2a,2
marmaraigh,marble,v2a,2
marsantaigh,merchandize,v2a,2
martraigh,martyr,v2a,2
masc,mask,v1a,1
maslaigh,insult,v2a,2
matáil,matte,v1c,1
meabhlaigh,deceive,v2a,2
meabhraigh,remember,v2a,2
méadaigh,increase,v2a,2
méadraigh,metricate,v2a,2
meadráil,mess up,v1c,1
meáigh,balance,v1d,1
meaisínigh,machine,v2b,2
meaitseáil,match,v1c,1
mcalaigh,humble,v2a,2
meall,beguile,v1a,1
meallac,saunter,v1a,1
meánaigh,center,v2a,2
meánchoimrigh,syncopate,v2b,2
meang,lop,v1a,1
meanmnaigh,hearten,v2a,2
mearaigh,derange,v2a,2
méaraigh,fínger,v2a,2
mearchas,fast-forward,v1a,1
méarchláraigh,keyboard,v2a,2
meardhiailigh,speed-dial,v2b,2
méarluigh,stop down,v1h,1
mear-roghnaigh,fast-select,v2a,2
mearshábháil,fast-save,v1c,1
mearsheachaid,express,v1bx,1
méartheann,finger-tighten,v1a,1
meas,estimate,v1a,1
measc,mix,v1a,1
measraigh,moderate,v2a,2
measúnaigh,assess,v2a,2
meath,decline,v1a,1
méathaigh,fatten,v2a,2
meathlaigh,decline,v2a,2
meatuairimigh,conjecture,v2b,2
meicnigh,mechanize,v2b,2
meidhrigh,elate,v2b,2
méidnigh,size,v2b,2
meil,grind,v1b,1
meirbhligh,weaken,v2b,2
meirdrigh,prostitute,v2b,2
meirgigh,rust,v2b,2
meirsirigh,mercerize,v2b,2
meirtnigh,weaken,v2b,2
meiteachuardaigh,metasearch,v2a,2
meiteamorfaigh,metamorphose,v2a,2
meitibiligh,metabolize,v2b,2
meitiligh,methylate,v2b,2
mianaigh,desire,v2a,2
mianraigh,mineralize,v2a,2
mianrill,jig,v1b,1
mí-cheangail,misconnect,v2c,2
michóirigh,disarrange,v2b,2
michomhairligh,misadvise,v2b,2
míchum,deform,v1a,1
michumasaigh,disable,v2a,2
mídhílsigh,misappropriate,v2b,2
mifhuaimnigh,mispronounce,v2b,2
mi-iompair,misbehave,v2c,2
mi-ionramháil,manipulate,v1c,1
mílíthigh,discolor,v2b,2
militrigh,misspell,v2b,2
mill,spoil,v1b,1
milleánaigh,blame,v2a,2
millinigh,pelletize,v2b,2
milsigh,sweeten,v2b,2
mim,mime,v1b,1
mímeáil,mime,v1c,1
mimheaitseáil,mismatch,v1c,1
mímheas,misestimate,v1a,1
mimhinigh,misexplain,v2b,2
mímhisnigh,discourage,v2b,2
mímhol,dispraise,v1a,1
mínchaolaigh,feather,v2a,2
mineastráil,administer,v1c,1
mínghlan,refine,v1a,1
minicigh,frequent,v2b,2
mínigh,smooth,v2b,2
mínmheil,grind down,v1b,1
mintírigh,reclaim,v2b,2
miocrónaigh,micronize,v2a,2
míog,cheep,v1a,1
mí-oiriúnaigh,mismatch,v2a,2
mionaigh,shatter,v2a,2
mionathraigh,modify,v2a,2
mionbhreac,stipple,v1a,1
mionbhrúigh,crumble,v1d,1
mionchoigeartaigh,fine-tune,v2a,2
miondealaigh,analyze,v2a,2
miondíol,retail,v1a,1
mionghearr,shred,v1a,1
mionghoid,pilfer,v1b,1
miongraigh,crumble,v2a,2
mionlaigh,minoritize,v2a,2
mionleasaigh,retouch,v2a,2
mionléirigh,explicate,v2b,2
mionnaigh,swear,v2a,2
mionroinn,comminute,v1b,1
mionsaothraigh,elaborate,v2a,2
mionscag,fine-filter,v1a,1
mionscrúdaigh,examine in detail,v2a,2
mionsonraigh,detail,v2a,2
mionstiall,shred,v1a,1
mionteagasc,brief,v1a,1
mí-ordaigh,disorder,v2a,2
miostraigh,menstruate,v2a,2
miotaigh,bite,v2a,2
miotalaigh,metallize,v2a,2
mírialaigh,misrule,v2a,2
miriar,mismanage,v1a,1
mírigh,phrase,v2b,2
mishásaigh,displease,v2a,2
mísheol,misdirect,v1a,1
mishonraigh,misstate,v2a,2
misnigh,encourage,v2b,2
mítéaraigh,miter,v2a,2
míthreoraigh,misdirect,v2a,2
modhnaigh,modulate,v2a,2
modraigh,darken,v2a,2
mogallaigh,mesh,v2a,2
móidigh,vow,v2b,2
moilligh,delay,v2b,2
moirigh,water,v2b,2
moirtísigh,mortise,v2b,2
moirtnigh,mortify,v2b,2
mol,praise,v1a,1
monaplaigh,monopolize,v2a,2
monaraigh,manufacture,v2a,2
monatóirigh,monitor,v2b,2
mór,magnify,v1a,1
morg,corrupt,v1a,1
morgáistigh,mortgage,v2b,2
mótaigh,mulch,v2a,2
mótáil,mulch,v1c,1
mótaraigh,motorize,v2a,2
mothaigh,feel,v2a,2
mothallaigh,tousle,v2a,2
múch,smother,v1a,1
múch-chóireáil,fume,v1c,1
múchghlan,fúmigate,v1a,1
muilleáil,rnill,v1c,1
múin,teach,v1b,1
muinbhuail,overstrike,v1b,1
muinnigh,call,v2b,2
muirearaigh,charge,v2a,2
múirínigh,compost,v2b,2
muirligh,munch,v2b,2
muimigh,fondle,v2b,2
múitseáil,mitch,v1c,1
mulláil,mull,v1c,1
mumaigh,mummify,v2a,2
mún,urinate,v1a,1
mungail,munch,v2c,2
múnlaigh,mold,v2a,2
múr',wall in,v1a,1
múr2,raze,v1a,1
múráil,moor,v1c,1
murdaráil,murder,v1c,1
murtallaigh,flat,v2a,2
múscail,wake,v2c,2
náirigh,shame,v2b,2
náisiúnaigh,nationalize,v2a,2
naomhaigh,hallow,v2a,2
naomhainmnigh,canonize,v2b,2
nasc,tie,v1a,1
nasc-ghabh,annex,v1a,1
neadaigh,nest,v2a,2
néalaigh,sublimate,v2a,2
neamhbhailigh,invalidate,v2b,2
neamhchothrornaígh,unbalance,v2a,2
neamhnigh,nullify,v2b,2
neartaigh,strengthen,v2a,2
neasaigh,approximate,v2a,2
neas-suigh,juxtapose,v1h,1
neodraigh,neutralize,v2a,2
niamh,brighten,v1a,1
niamhghlan,bumish,v1a,1
niciligh,nickel,v2b,2
nicilphlátáil,nickel-plate,v1c,1
nigh,wash,v1h,1
nimhigh,poison,v2b,2
nitriginigh,nitrogenize,v2b,2
nocht,bare,v1a,1
nódaigh,graft,v2a,2
nog,nog,v1a,1
normaigh,norm,v2a,2
normalaigh,normalize,v2a,2
nótáil,note,v1c,1
nua-aoisigh,modernize,v2b,2
nuachóirigh,modemize,v2b,2
nuaigh,novate,v1d,1
nuáil,innovate,v1c,1
nuashonraigh,update,v2a,2
núicléataigh,nucleate,v2a,2
nútaigh,nutate,v2a,2
ob,refuse,v1a,1
ócáidigh,use,v2b,2
oclúidigh,occlude,v2b,2
ócraigh,ocher,v2a,2
ocsaídigh,oxidize,v2b,2
ocsaiginigh,oxygenate,v2b,2
odhraigh,darken,v2a,2
ofráil,offer,v1c,1
oibhéartaigh,obvert,v2a,2
oibiachtaigh,objectify,v2a,2
oibiachtúlaigh,objectivize,v2a,2
oibrigh,work,v2b,2
oibriochtaigh,operationaUze,v2a,2
oideasaigh,prescribe,v2a,2
oidhrigh,bequeath,v2b,2
oighrigh,ice,v2b,2
oil,nourish,v1b,1
oiliúnaigh,coach,v2a,2
oir,suit,v1b,1
oirircigh,exalt,v2b,2
oiriúnaigh,fit,v2a,2
oirmhinnigh,honor,v2b,2
oirnéal,decorate,v1a,1
oimigh',ordain,v2b,2
oimigh2,cut in bits,v2b,2
oirthearaigh,orientaUze,v2a,2
oitrigh,shoal,v2b,2
ól,drink,v1a,1
olaigh,oil,v2a,2
ollaigh,enlarge,v2a,2
olichóirigh,overhaul,v2b,2
olldeisigh,overhaul,v2b,2
olltáirg,mass-produce,v1b,1
onnmhairigh,export,v2b,2
onóraigh,honor,v2a,2
optamaigh,optimize,v2a,2
óraigh,gUd,v2a,2
orchraigh,wither,v2a,2
ordaigh,order,v2a,2
orlaigh,sledge,v2a,2
omáidigh,ornament,v2b,2
omaigh,adom,v2a,2
órphlátáil,gold-plate,v1c,1
oscaU,open,v2c,2
osnaigh,sigh,v2a,2
óstáil,host,v1c,1
othrasaigh,ulcerate,v2a,2
ózónaigh,ozonize,v2a,2
pábháil,pave,v1c,1
pacáil,pack,v1c,1
pacáisrigh,package,v2b,2
paca-líon,pack-fill,v1a,1
pailnigh,pollinate,v2b,2
painéal,panel,v1a,1
páirceáil,park,v1c,1
páircéirítigh,parkerize,v2b,2
páirrigh,participate,v2b,2
páisigh,torment,v2b,2
paisteáil,patch,v1c,1
paistéar,pasteurize,v1a,1
paitinnigh,patent,v2b,2
palataigh,palatalize,v2a,2
pánáil,pawn,v1c,1
páráil,pare,v1c,1
paraisiútáil,parachute,v1c,1
parsáil,parse,v1c,1
pasáil1,tread,v1c,1
pasáil2,pass,v1c,1
péac,sprout,v1a,1
peacaigh,sin,v2a,2
péacaigh,offset,v2a,2
peanáil,pan,v1c,1
pearsanaigh,personate,v2a,2
pearsantaigh,personify,v2a,2
péineáil,peen,v1c,1
péinteáil,paint,v1c,1
peiptísigh,peptize,v2b,2
péireáil,pair,v1c,1
péirseáil,flog,v1c,1
pian,pain,v1a,1
piardáil,ransack,v1c,1
piarmheasúnaigh,peer-review,v2a,2
pic,pitch,v1b,1
picéadaigh,picket,v2a,2
píceáil1,pike,v1c,1
píceáiF,peek,v1c,1
picil,piclde,v1b,1
pincigh,push,v2b,2
pingigh,ping,v2b,2
pinseáil,pinch,v1c,1
píob,hoarsen,v1a,1
píobaigh,pipe,v2a,2
pioc,pick,v1a,1
píolótaigh,pilot,v2a,2
pionnáil,pin,v1c,1
pionósaigh,penalize,v2a,2
piopáil,pipe,v1c,1
píoráidigh,pirate,v2b,2
píosáil,patch,v1c,1
pitseáil,pitch,v1c,1
plab,plop,v1a,1
plac,gobble,v1a,1
pláigh,plague,v1d,1
plaistigh,plastify,v2b,2
plánáil,plane,v1c,1
planc,beat,v1a,1
plancghaibhnigh,drop-forge,v2b,2
plandaigh,plant,v2a,2
plandáU,plant,v1c,1
plástráil,plaster,v1c,1
plátáil,plate,v1c,1
platanaigh,platinize,v2a,2
pléadáil,plead,v1c,1
pleanáil,plan,v1c,1
pléasc,explode,v1a,1
pléatáil,pleat,v1c,1
pléigh,plead,v1e,1
plódaigh,crowd,v2a,2
phic,bulge,v1a,1
plucáil,pluck,v1c,1
plúch,smother,v1a,1
plugáil,plug,v1c,1
plúraigh,effloresce,v2a,2
pobalaigh,populate,v2a,2
poc1,slink,v1a,1
poc2,copulate,v1a,1
pocáil,butt,v1c,1
pocléim,buckjump,v1b,1
podchraol,podcast,v1a,1
podsalaigh,podzolize,v2a,2
póg,kiss,v1a,1
poibligh,publish,v2b,2
póilínigh,police,v2b,2
pointeáil1,point,v1c,1
pointeáil2,fix,v1c,1
poit,poke,v1b,1
póitseáil,poach,v1c,1
polaitigh,politicize,v2b,2
polaraigh,polarize,v2a,2
poll,hole,v1a,1
pollaraigh,poUard,v2a,2
poncaigh,punctuate,v2a,2
poncloisc,cauterize,v1b,1
póraigh,propagate,v2a,2
portaigh,steep,v2a,2
pós,marry,v1a,1
postaigh,post,v2a,2
postáil,post,v1c,1
postaláidigh,postulate,v2b,2
postmharcáil,postmark,v1c,1
potbhiathaigh,spoon-feed,v2a,2
praghsáil,price,v1c,1
práib,daub,v1b,1
pramsáil1,prance,v1c,1
pramsáil2,cninch,v1c,1
prapáil,prepare,v1c,1
prásáil,braze,v1c,1
preab,start,v1a,1
préach,perish,v1a,1
preasáil1,press,v1c,1
preasáil2,press,v1c,1
priáil,marinate,v1c,1
prímeáil,prime,v1c,1
príobháidigh,privatize,v2b,2
prioc,prick,v1a,1
priontáil,print,v1c,1
príosúnaigh,imprison,v2a,2
probháidigh,probate,v2b,2
profaigh,proof,v2a,2
profáil,proofread,v1c,1
próifíligh,profile,v2b,2
próiseáil1,process,v1c,1
próiseáil2,serve,v1c,1
próisigh,process,v2b,2
prólaiféaraigh,proliferate,v2a,2
promh,prove,v1a,1
prúnáil,prune,v1c,1
puc,shuffle,v1a,1
púdraigh,pulverize,v2a,2
púdráil,powder,v1c,1
puinseáil,punch,v1c,1
púitseáil,pouch,v1c,1
pulc,stuff,v1a,1
pumpáil,pump,v1c,1
pupaigh,pupate,v2a,2
purgaigh,purge,v2a,2
púsc1,ooze,v1a,1
púsc2,sweat,v1a,1
rac,hit,v1a,1
racáil,rack,v1c,1
rácáil,rake,v1c,1
rad,throw,v1a,1
radacaigh,radicalize,v2a,2
radaigh,radiate,v2a,2
rádalaigh,imbricate,v2a,2
ráibeáil,spring,v1c,1
raiceáil,wreck,v1c,1
raicéimigh,racemize,v2b,2
raifleáil,raffle,v1c,1
ráinigh,reach,v5,5
raitleáil,rattle,v1c,1
rámhaigh,row,v2a,2
ramhraigh,fatten,v2a,2
rampáil,ramp up,v1c,1
randamaigh,randomize,v2a,2
rangaigh •>,classify,v2a,2
rannpháirtigh,participate,v2b,2
ransaigh,ransack,v2a,2
raonáil,range,v1c,1
rapáil,rap,v1c,1
rásáil,race,v1c,1
raspáil,rasp,v1c,1
rastaraigh,rasterize,v2a,2
rátaigh,rate,v2a,2
rátáil,rate,v1c,1
rathaigh,prosper,v2a,2
ráthaigh1,guarantee,v2a,2
ráthaigh2,shoal,v2a,2
réab,tear,v1a,1
reachtaigh,legislate,v2a,2
reáchtáil,run,v1c,1
réadaigh,realize,v2a,2
réadtiomnaigh,devise,v2a,2
réaduchtaigh,reduce,v2a,2
réal,manifest,v1a,1
réalaigh,realize,v2a,2
réamaigh,ream,v2a,2
réamhaithris,predict,v2e,2
réamhbheartaigh,premeditate,v2a,2
réamhcheannaigh,preempt,v2a,2
réamhcheap,preconceive,v1a,1
réamhchéimnigh,pre-fade,v2b,2
réamhchinn,predestine,v1b,1
réamhchinntigh,predetermine,v2b,2
réamhchleacht,rehearse,v1a,1
réamhchrap,preshrink,v1a,1
réamhdhátaigh,antedate,v2a,2
réamhdhéan,prefabricate,v1a,1
rcamhdhearbhaigh,predetermine,v2a,2
réamheagraigh,prearrange,v2a,2
réamhfhill,pre-fold,v1b,1
réamhfhioraigh,prefigure,v2a,2
réamhghabh,anticipate,v1a,1
réamhghiorraigh,foreshorten,v2a,2
réamhinis,predict,v2d,2
réamhíoc,prepay,v1a,1
réamhleag,premise,v1a,1
réamh-mheas,predict,v1a,1
réamhordaigh,predestine,v2a,2
réamhshocraigh,predetermine,v2a,2
réamhshórtáil,presort,v1c,1
réamhtheilg,precast,v1b,1
reang,fudge,v1a,1
réasúnaigh,reason,v2a,2
réchas,twist slowly,v1a,1
reibheáil,rev,v1c,1
reic,sell,v1b,1
réigiúnaigh,regionalize,v2a,2
réimnigh,conjugate,v2b,2
réisigh,span,v2b,2
reith,rut,v1b,1
réitigh,level,v2b,2
rélíon,flush-fill,v1a,1
reoánaigh,frost,v2a,2
reoigh,freeze,v1d,1
reothriomaigh,freeze-dry,v2a,2
réscaip,diffuse,v1b,1
réshiúntáil,flush-joint,v1c,1
réthionlaic,vamp,v1bx,1
rialaigh,rule,v2a,2
rialáil,regulate,v1c,1
riall,rend,v1a,1
rialtaigh,regularize,v2a,2
rianaigh,trace,v2a,2
riar,administer,v1a,1
riastáil,wale,v1c,1
rib,snare,v1b,1
rigeáil,rig,v1c,1
righ,stretch,v1h,1
rígh,enthrone,v1g,1
righnigh,toughen,v2b,2
rill,riddle,v1b,1
rinc,dance,v1b,1
rindreáil,render,v1c,1
rinseáil,rinse,v1c,1
riochtaigh,adapt,v2a,2
ríomh,count,v1a,1
ríomhairigh,computerize,v2b,2
ríomhchláraigh,program,v2a,2
ríonaigh,queen,v2a,2
rionn,carve,v1a,1
rith,run,v1b,1
robáil,rob,v1c,1
róbáil,robe,v1c,1
roc,wrinkle,v1a,1
róchaith,overspend,v1b,1
rod,rot,v1a,1
ródáil,anchor,v1c,1
róghearr,overcut,v1a,1
roghnaigh,choose,v2a,2
roinn,divide,v1b,1
rois,unravel,v1b,1
roisfhuaraigh,blast-chill,v2a,2
roisghlan,blast-clean,v1a,1
roisínigh,resin,v2b,2
roisreoigh,blast-freeze,v1d,1
róléigh,overread,v1e,1
roll,roll,v1a,1
rollaigh,enroU,v2a,2
rollóirthriomaigh,roUer-dry,v2a,2
rólódáil,overload,v1c,1
róluathaigh,overspeed,v2a,2
róluchtaigh,overload,v2a,2
rómhair,dig,v2c,2
rómhaosaigh,oversoak,v2a,2
rómharcáil,overmark,v1c,1
rómheas,overestimate,v1a,1
rop,thrust,v1a,1
róreibheáil,overrev,v1c,1
róshealbhaigh,overhold,v2a,2
róshimpligh,oversimpUfy,v2b,2
ró-shuibscríobh,oversubscribe,v1a,1
róst,roast,v1a,1
rótachart,rotovate,v1a,1
rothaigh,cycle,v2a,2
rótharraing,overdraw,v2e,2
rótheann,overtighten,v1a,1
róthéigh,overheat,v1e,1
rothlaigh,rotate,v2a,2
róthochrais,overwind,v1b,1
ró-ualaigh,overburden,v2a,2
ruadhóigh,scorch,v1d,1
ruaig,chase,v1b,1
ruaigh,redden,v1d,1
ruaimnigh,redden,v2b,2
rualoisc,scorch,v1b,1
rubaraigh,rubberize,v2a,2
rucáil,ruck,v1c,1
rúisc,bark,v1b,1
ruithnigh,brighten,v2b,2
rúnscriobh,cipher,v1a,1
rútáil,root,v1c,1
sábh,saw,v1a,1
sábháil,save,v1c,1
sac,pack,v1a,1
sacáil,sack,v1c,1
saciomair,scrub,v2c,2
sadhlasaigh,ensUage,v2a,2
sádráil,solder,v1c,1
saibhrigh,enrich,v2b,2
saibhseáil,rummage about,v1c,1
sáigh,thrust,v1d,1
saighid,incite,v1fs,1
saighneáil1,sign,v1c,1
saighneáil2,shine,v1c,1
saill,salt,v1b,1
sáimhrigh,quieten,v2b,2
sainaithin,identify,v2d,2
saincheadaigh,franchise,v2a,2
saincheap,customize,v1a,1
sainchiallaigh,denote,v2a,2
saineiscigh,prescind,v2b,2
sainfheidhmigh,specialize,v2b,2
sainghreamaigh,paste-special,v2a,2
sainigh,specify,v2b,2
sainmhinigh,define,v2b,2
sáinnigh,comer,v2b,2
sainoidhrigh,entail,v2b,2
sáirsingigh,press,v2b,2
saithigh,swarm,v2b,2
sáithigh,sate,v2b,2
salaigh,dirty,v2a,2
sálaigh,heel,v2a,2
sámhaigh,calm,v2a,2
samhailchomharlhaigh,symbolize,v2a,2
samhaltaigh,model,v2a,2
samhlaigh,imagine,v2a,2
samhraigh,summer,v2a,2
sampláil,sample,v1c,1
sann,assign,v1a,1
santaigh,covet,v2a,2
saobh,slant,v1a,1
saoirsigh1,work,v2b,2
saoirsigh2,cheapen,v2b,2
saolaigh,deliver,v2a,2
saor,free,v1a,1
saorghlan,purge,v1a,1
saor-rothlaigh,freewheel,v2a,2
saotharchruaigh,work-harden,v1d,1
saothraigh,labor,v2a,2
sáraigh,violate,v2a,2
sársháithigh,supersaturate,v2b,2
sárthadhaill,osculate,v2c,2
sásaigh,satisfy,v2a,2
satail,tread,v2c,2
scag,strain,v1a,1
scagdhealaigh,dialyze,v2a,2
scagthástáil,screen,v1c,1
scáiligh,shade,v2b,2
scáil-Iínigh,ghost,v2b,2
scáin,crack,v1b,1
scaip,scatter,v1b,1
scaird,squirt,v1b,1
scairigh,layer,v2b,2
scairt,shout,v1b,1
scal,flash,v1a,1
scálaigh,scale,v2a,2
scall,scald,v1a,1
scamallaigh,cloud,v2a,2
scamh,peel,v1a,1
scan,scan,v1a,1
scannalaigh,scandalize,v2a,2
scannánaigh,film,v2a,2
scanraigh,rout,v2a,2
scaob,scoop,v1a,1
scaoil,loosen,v1b,1
scar,part,v1a,1
scarbhaigh,scarf,v2a,2
scarbháil,crust,v1c,1
scarshiúntaigh,splice,v2a,2
scartáil,demolish,v1c,1
scátáil,skate,v1c,1
scáthaigh,shade,v2a,2
scáthánaigh,mirror,v2a,2
scáthchcil,screen,v1b,1
scáthlínigh,shade,v2b,2
scead,blaze,v1a,1
sceadáil,fragment,v1c,1
scéalaigh,relate,v2a,2
scealp,splinter,v1a,1
sceamáil,scam,v1c,1
sceamh,yelp,v1a,1
scean,knife,v1a,1
sceathraigh,vomit,v2a,2
sceidealaigh,schedule,v2a,2
sceimhligh,terrify,v2b,2
sceith,spew,v1b,1
sceitseáil,sketch,v1c,1
sceoigh,wither,v1d,1
sciáil,ski,v1c,1
sciamhaigh,beautify,v2a,2
sciath,screen,v1a,1
sciathaigh,screen,v2a,2
scigléirigh,caricature,v2b,2
scil,shell,v1b,1
sciUig,shell,v1b,1
scimeáil,skim,v1c,1
scimpeáil,skimp,v1c,1
scinceáil,decant,v1c,1
scinn,start,v1b,1
sciob,snatch,v1a,1
scioll,scold,v1a,1
sciomáil,skim,v1c,1
sciomair,scour,v2c,2
sciorr,slip,v1a,1
sciortáil,skirt,v1c,1
sciot,snip,v1a,1
scuab,sweep,v1a,1
scuch,remove,v1a,1
scuideáil,scupper,v1c,1
scuitseáil,scutch,v1c,1
sculáil,scull,v1c,1
scúpáil,scoop,v1c,1
scuparáil,scupper,v1c,1
seachaid,deliver,v1bx,1
seachain,avoid,v2c,2
seach-chuir,offset,v1b,1
seachfhoinsigh,outsource,v2b,2
seachluigh,offlap,v1h,1
seachródaigh,shunt,v2a,2
seachthreoraigh,bypass,v2a,2
seachtraigh,exteriorize,v2a,2
seachvótáil,vote by proxy,v1c,1
sead,blow,v1a,1
seadaigh,settle,v2a,2
seadánaigh,parasitize,v2a,2
seaimféaráil,chamfer,v1c,1
séalaigh,seal,v2a,2
scalbhaigh,possess,v2a,2
seamaigh,rivet,v2a,2
séamaigh,seam,v2a,2
séamáil,rabbet,v1c,1
seamhraigh,hurry,v2a,2
séan1,sign,v1a,1
séan2,deny,v1a,1
seangaigh,slim,v2a,2
seansáil,chance,v1c,1
seapán,japan,v1a,1
searbhaigh,sour,v2a,2
searbháil,interlock,v1c,1
searg,waste,v1a,1
searr,stretch,v1a,1
seas,stand,v1a,1
seiceáil,check,v1c,1
seicheamhaigh,sequence,v2a,2
séid,blow,v1b,1
séidtriomaigh,puff-dry,v2a,2
seiftigh,devise,v2b,2
seilfeáil,shelve,v1c,1
seilg,hunt,v1b,1
seiligh,spit,v2b,2
séimhigh,thin,v2b,2
seinn,play,v1b,1
seirbheáil,serve,v1c,1
seirbhísigh,service,v2b,2
seireardaigh,sherardize,v2a,2
scithigh,skin,v2b,2
seol,sail,v1a,1
shanghai-áil,shanghai,v1c,1
siabhránaigh,hallucinate,v2a,2
siarchoinnigh,withhold,v2b,2
siardhátaigh,backdate,v2a,2
siar-rácáil,rake back,v1c,1
sil,drip,v1b,1
síl,think,v1b,1
silicigh,silicify,v2b,2
sill,look,v1b,1
sil-leag,deposit,v1a,1
siltriomaigh,drip-dry,v2a,2
simíáil,shimmy,v1c,1
simpligh,simplify,v2b,2
sín,stretch,v1b,1
sincigh,zincify,v2b,2
sindeacáitigh,syndicate,v2b,2
sínigh,sign,v2b,2
sintéisigh,synthesize,v2b,2
siob,blow,v1a,1
sioc,freeze,v1a,1
siocreoigh,freeze-dry,v1d,1
siofón,siphon,v1a,1
síog,streak,v1a,1
síogaigh,fail,v2a,2
síol,seed,v1a,1
siolaigh,seed,v2a,2
síolchuir,sow,v1b,1
siolp,suck,v1a,1
síolraigh,breed,v2a,2
siolt,silt,v1a,1
síolteagasc,indoctrinate,v1a,1
siombalaigh,symbolize,v2a,2
sionapsaigh,synapse,v2a,2
sioncóipigh,syncopate,v2b,2
sioncrónaigh,synchronize,v2a,2
sionsaigh,delay,v2a,2
síoraigh,perpetuate,v2a,2
siorc,jerk,v1a,1
siortaigh,rummage,v2a,2
siortáil,mistreat,v1c,1
sios,hiss,v1a,1
siosc1,trim,v1a,1
siosc2,fízz,v1a,1
siostalaigh,hackle,v2a,2
síothaigh,pacify,v2a,2
síothlaigh,strain,v2a,2
sírigh,shire,v2b,2
siséal,chisel,v1a,1
siúcraigh,sugar,v2a,2
siúil,walk,v1bx,1
siúntáil,joint,v1c,1
siútáil,shoot,v1c,1
slabhraigh,chain,v2a,2
slac,bat,v1a,1
slachtaigh,tidy,v2a,2
slad,plunder,v1a,1
sláintigh,sanitize,v2b,2
slaiseáU,slash,v1c,1
slám,tease,v1a,1
slámáil,pluck in handfuls,v1c,1
slánaigh,save,v2a,2
slaod,mow down,v1a,1
slaon,tease,v1a,1
slatáil,beat with switch,v1c,1
sleabhaic,droop,v1f,1
sléacht,kneel,v1a,1
sleáigh,spear,v1d,1
sleamhnaigh,slide,v2a,2
sléiteáil,beat to death,v1c,1
slim-mhaisigh,finish,v2b,2
sliob,rub,v1a,1
slíoc,sleek,v1a,1
sliochtaigh,lick clean,v2a,2
sliom,smooth,v1a,1
sliop,snatch,v1a,1
slis,beetle,v1b,1
slisnigh,chip,v2b,2
slócht,hoarsen,v1a,1
slog,swallow,v1a,1
slóg,mobilize,v1a,1
sloinn,express,v1b,1
sluaisteáil,shovel,v1c,1
sluaistrigh,earth,v2b,2
smachtaigh,control,v2a,2
smailc1,gobble,v1b,1
smailc2,smack,v1b,1
smálaigh,tamish,v2a,2
smaoinigh,think,v2b,2
smeach,flick,v1a,1
smeadráil,smear,v1c,1
smear,smear,v1a,1
sméid,wink,v1b,1
smid,dress,v1b,1
smíocht,smite,v1a,1
smiog,pass out,v1a,1
smiot,hit,v1a,1
smíst,pound,v1b,1
smísteáil,smash,v1c,1
smocáil,smock,v1c,1
smol,blight,v1a,1
smúdáil,iron,v1c,1
smuigleáil,smuggle,v1c,1
smúitigh,becloud,v2b,2
smúr,sniff,v1a,1
smut,truncate,v1a,1
snaidhm,knot,v1b,1
snáith,sip,v1b,1
snáithigh,grain,v2b,2
snáithlíonraigh,craze,v2a,2
snamh,peel,v1a,1
snámh,swim,v1a,1
snap,snap,v1a,1
snasaigh,polish,v2a,2
snigeáil,die,v1c,1
snigh,pour,v1h,1
sniog,milk dry,v1a,1
sníomh,spin,v1a,1
snoigh,carve,v1h,1
socht,become silent,v1a,1
socraigh,settle,v2a,2
sodarchas,shuttle,v1a,1
soifnigh,snivel,v2b,2
sóigh,mutate,v1d,1
soiléirigh,clarify,v2b,2
soilsigh,shine,v2b,2
soinnigh,press,v2b,2
sóinseáil,change,v1c,1
soiprigh,nestle,v2b,2
soirbhigh,make easy,v2b,2
soiscéalaigh,preach,v2a,2
sóisialaigh,socialize,v2a,2
soithiochaigh,vascularize,v2a,2
soladaigh,solidify,v2a,2
sólásaigh,console,v2a,2
soláthair,gather,v2c,2
sólfáigh,sol-fa,v1d,1
sollúnaigh,solemnize,v2a,2
soncáil,thrust,v1c,1
sondáil,sound,v1c,1
sonraigh,specify,v2a,2
sonraisc,invoice,v1b,1
sop,light with straw,v1a,1
sorchaigh,light,v2a,2
sórtáil,sort,v1c,1
sótáil,sauté,v1c,1
spadhar,exasperate,v1fx,1
spágáil,shamble,v1c,1
spaill,rebuke,v1b,1
spaim,flght,v1b,1
spall,scorch,v1a,1
spallaigh,gallet,v2a,2
spalp,burst forth,v1a,1
spamáil,spam,v1c,1
spáráil,spare,v1c,1
sparr,secure,v1a,1
spásáil,space,v1c,1
spástointeáil,spaceshuttle,v1c,1
speach,kick,v1a,1
spéacláirigh,speculate,v2b,2
speal,mow,v1a,1
spear,spear,v1a,1
speáráil,spar,v1c,1
spéiceáil,knock stiff,v1c,1
speir,hough,v1b,1
speisialaigh,specialize,v2a,2
spíceáil,spike,v1c,1
spídigh,revile,v2b,2
spíon,tease,v1a,1
spionn,animate,v1a,1
spíosraigh,spice,v2a,2
spladhsáil,splice,v1c,1
splanc,flash,v1a,1
spléach,glance,v1a,1
spleantráil,splinter,v1c,1
sph'on,spline,v1a,1
splíotáil,kill,v1c,1
spoch,castrate,v1a,1
spól,cut into joints,v1a,1
spóláil,spool,v1c,1
spor,spur,v1a,1
spóraigh,sporulate,v2a,2
spotáil,spot,v1c,1
spotseiceáil,spot-check,v1c,1
spraeáil,spray,v1c,1
spraethriomaigh,spray-dry,v2a,2
spréach,spark,v1a,1
spreachallaigh,spatter,v2a,2
spreag,urge,v1a,1
spréigh,spread,v1e,1
sprioc,stake,v1a,1
spriocearcaigh,headhunt,v2a,2
spriongaigh,spring,v2a,2
spriúch,kick,v1a,1
spruigeáil,sprig,v1c,1
sprúill,crumble,v1b,1
spudáil,spud,v1c,1
spúinseáil,sponge,v1c,1
srac,pull,v1a,1
sraithrannaigh,ordinate,v2a,2
sram,become blear,v1a,1
srann,snore,v1a,1
sraoill,flog,v1b,1
sraon,pull,v1a,1
srathaigh,serialize,v2a,2
srathnaigh,spread,v2a,2
srathraigh,straddle,v2a,2
sreabh,stream,v1a,1
sreabhánaigh,fluidize,v2a,2
sreang,drag,v1a,1
sreangaigh,wire,v2a,2
sreangtharraing,wiredraw,v2e,2
srian,bridle,v1a,1
sroich,reach,v1b,1
sruthaigh,stream,v2a,2
sruthlaigh,rinse,v2a,2
sruthlinigh,streamline,v2b,2
stácáil,stalk,v1c,1
stad,stop,v1a,1
stáirseáil,starch,v1c,1
stáitsigh,stage,v2b,2
stálaigh,stale,v2a,2
stalc,set,v1a,1
stampáil,stamp,v1c,1
stán,stare,v1a,1
stánaigh,tin,v2a,2
stánáil,beat,v1c,1
stang1,dowel,v1a,1
stang2,bend,v1a,1
stánphlátáil,tin-plate,v1c,1
staon,stop,v1a,1
stápláil,staple,v1c,1
stéagaigh,season,v2a,2
steall,splash,v1a,1
steanc,squirt,v1a,1
steiréitiopáil,stereotype,v1c,1
steiriligh,sterilize,v2b,2
stiall,rend,v1a,1
stibhneáil,push,v1c,1
stíleáil,style,v1c,1
stíligh,stylize,v2b,2
stiogmataigh,stigmatize,v2a,2
stionsalaigh,stencil,v2a,2
stiúg,expire,v1a,1
stiúir,steer,v1bx,1
stobh,stew,v1a,1
stocáil,stock,v1c,1
stócáil,stoke,v1c,1
stocáirigh,stocktake,v2b,2
stoc-cham,stockpile,v1a,1
stóinsigh,strengthen,v2b,2
stoith,pluck,v1b,1
stoithin,tousle,v2d,2
stoll,tear,v1a,1
stolp,harden,v1a,1
stop,stop,v1a,1
stóráil,store,v1c,1
straeáil,go astray,v1c,1
straidhneáil,strain,v1c,1
straidhpeáU,divide in strips,v1c,1
straitéisigh,strategize,v2b,2
strapáil,strap,v1c,1
streachail,pull,v2c,2
streachlaigh,tear,v2a,2
stricealaigh,striclde,v2a,2
strioc,strike,v1a,1
stróic,tear,v1b,1
stroighnigh,cement,v2b,2
stromp,stiffen,v1a,1
struchtúraigh,structure,v2a,2
struipeáil,strip,v1c,1
strustuirsigh,fatigue,v2b,2
stuáil',stow,v1c,1
stuáil2,arc,v1c,1
stualáil,windrow,v1c,1
stuamaigh,steady,v2a,2
stuamhaidhm,arc-rupture,v1bx,1
stuc,stook,v1a,1
stumpáil,stump,v1c,1
suaimhnigh,quiet,v2b,2
suaith,mix,v1b,1
suaithnigh,indicate,v2b,2
suanaigh,hibemate,v2a,2
suanbhruith,simmer,v1b,1
suaraigh,demean,v2a,2
substain,subsist,v1b,1
suibscríobh,subscribe,v1a,1
suigh,sit,v1h,1
súigh,absorb,v1d,1
suimeáil,integrate,v1c,1
suimigh,add,v2b,2
suimintigh,cement,v2b,2
suíomhaigh,localize,v2a,2
súisteáil,flail,v1c,1
suiteáil,instaU,v1c,1
sulfáitigh,sulphate,v2b,2
suncáil,sink,v1c,1
súparáil,superimpose,v1c,1
súraic,suck,v2e,2
surfáil,surf,v1c,1
svaidhpeáil,swipe,v1c,1
tabhaigh,eam,v2a,2
tabhair,give,v3,3
táblaigh,tabulate,v2a,2
tacaigh,support,v2a,2
tacáil,tack,v1c,1
tacair,glean,v2c,2
tacht,choke,v1a,1
tácláil,tackle,v1c,1
tadhaill,contact,v2c,2
tagair,refer,v2c,2
tagarmharcáil,benchmark,v1c,1
taibhigh,perform,v2b,2
taibhléirigh,perform,v2b,2
taibhrigh,dream,v2b,2
taibhsigh,loom,v2b,2
taicleáil,tackle,v1c,1
taifead,record,v1a,1
taifigh,analyze,v2b,2
taighid,research,v1fs,1
táinsigh,reproach,v2b,2
táir,demean,v1b,1
tairbhigh,benefit,v2b,2
tairg,offer,v1b,1
táirg,produce,v1b,1
taimeáil,nail,v1c,1
taimgir,foretell,v2d,2
taisc,store,v1b,1
taiscéal,explore,v1a,1
taisigh,moisten,v2b,2
taisligh,deliquesce,v2b,2
taispeáin,show,v1bx,1
taisrigh,moisten,v2b,2
taistealáii,hackle,v1c,1
taistil,travel,v2f,2
taithigh,frequent,v2b,2
taitin,shine,v2d,2
tál,yield,v1a,1
talmhaigh,dig in,v2a,2
tamaigh,tammy,v2a,2
támáil,make sluggish,v1c,1
támhaigh,sedate,v2a,2
tanaigh,thin,v2a,2
tanalaigh,tanalize,v2a,2
taobhaigh,approach,v2a,2
taobhrian,offset,v1a,1
taom,bail,v1a,1
taosaigh,paste,v2a,2
taosc,bail out,v1a,1
tapaigh,quicken,v2a,2
tapáil,tap,v1c,1
tar,come,v3,3
taraimsigh,overshoot,v2b,2
tarathraigh,bore with auger,v2a,2
tarcaisnigh,scorn,v2b,2
tarchéimnigh,transcend,v2b,2
tarchuir,remit,v1b,1
tarfhuaigh,overcast,v1d,1
targhabh,skip,v1a,1
tarlaigh1,happen,v2a,2
tarlaigh2,haul,v2a,2
tarluigh,onlap,v1h,1
tarmchas,turn over,v1a,1
tarmlig,delegate,v1b,1
tarráil,tar,v1c,1
tarraing,pull,v2e,2
tarramhacadamaigh,tarmacadam,v2a,2
tarrtháil,rescue,v1c,1
tarscaoil,waive,v1b,1
tarshreabh,flow past,v1a,1
tascar,intercept,v1a,1
tástáil,test,v1c,1
tathagaigh,aggregate,v2a,2
táthaigh,weld,v2a,2
tathantaigh,urge,v2a,2
tatuáil,tattoo,v1c,1
teacht,hold,v1a,1
téacht,freeze,v1a,1
téacsáil,text,v1c,1
téacschomharthaigh,tokenize,v2a,2
teagasc,teach,v1a,1
teaglamaigh,collect,v2a,2
teagmhaigh,chance,v2a,2
téaltaigh,creep,v2a,2
téana,come,v5,5
teangaigh,tongue,v2a,2
teanglaigh,joggle,v2a,2
teann,tighten,v1a,1
teanntaigh,corner,v2a,2
teanntraigh,horse up,v2a,2
tearcaigh,decrease,v2a,2
tearcdhiagnóisigh,underdiagnose,v2b,2
tearcmhaoinigh,underfund,v2b,2
tearmannaigh,harbor,v2a,2
téamaigh,escape,v2a,2
teasairg,save,v1bx,1
teasc,lop,v1a,1
teascógaigh,sector,v2a,2
teasdion,insulate,v1a,1
teastaigh,need,v2a,2
teibigh,abstract,v2b,2
téigh1,heat,v1e,1
téigh,go,v3,3
teiléacsaigh,telex,v2a,2
teileapórtáil,teleport,v1c,1
teilg,cast,v1b,1
teilgthaicleáil,spear-tackle,v1c,1
teilifísigh,televise,v2b,2
teiliméadráil,telemeter,v1c,1
teimhligh,darken,v2b,2
teip,fail,v1b,1
téipeáil,tape,v1c,1
teiripigh,therap,v2b,2
teirmigh,thermize,v2b,2
teirminsligh,thermal-insulate,v2b,2
teisiligh,tessellate,v2b,2
teisteáil,test,v1c,1
teistigh,depose,v2b,2
teith,flee,v1b,1
teobhlaistigh,devil,v2b,2
teodheataigh,hot-smoke,v2a,2
teorannaigh,delimit,v2a,2
teormharcáil,delimit,v1c,1
teoshéalaigh,iron on,v2a,2
teoshreangaigh,hot-wire,v2a,2
teostampáil,hot-stamp,v1c,1
tiáil,tee,v1c,1
ticeáil,tick,v1c,1
tíligh,tile,v2b,2
timfhill,wrap,v1b,1
túnpeallaigh,go round,v2a,2
timpeallghearr,circumcise,v1a,1
tinneasnaigh,hasten,v2a,2
tinnigh,make sore,v2b,2
tíolaic,bestow,v1bx,1
tiomain,curse,v1fx,1
tiomáin,drive,v1b,1
tiomairg,bring together,v1bx,1
tiomnaigh,bequeath,v2a,2
tiompáil,thump,v1c,1
tiomsaigh,gather up,v2a,2
tionlaic,accompany,v1bx,1
tionóU,convene,v1bx,1
tionscain,begin,v2c,2
tionsclaigh,industriaUze,v2a,2
tiontaigh,turn,v2a,2
tionúraigh,tenon,v2a,2
tíopáU,type,v1c,1
tíor,parch,v1a,1
tipéacsáU,tippex out,v1c,1
tírdhreachtaigh,landscape,v2a,2
tirimfhrioch,dry-fry,v1a,1
ririmghlan,dry-clean,v1a,1
tit,faU,v1b,1
tiubhaigh,thicken,v2a,2
tiúin,tune,v1bx,1
tláthaigh,aUay,v2a,2
tlúáil,ripple,v1c,1
tnáith,wear down,v1b,1
tnúth,envy,v1a,1
tobchlis,crash,v1b,1
tobchum,improvise,v1a,1
tobmheas,subitize,v1a,1
tobscoir,abort,v1b,1
tóch,dig,v1a,1
tochail,dig,v2c,2
tochais,scratch,v1bx,1
tochrais,wind,v1b,1
tochsail,distrain,v2c,2
tóg,take,v1a,1
togair,desire,v2c,2
togh,choose,v1a,1
toghair,call,v1b,1
toibhigh,levy,v2b,2
toiligh,will,v2b,2
toill,fit,v1b,1
toimhdigh,think,v2b,2
tointeáil,shuttle,v1c,1
toirbhir,hand over,v2d,2
toirchigh,fecundate,v2b,2
tóirfhiontraigh,wildcat,v2a,2
toirmisc,prohibit,v1bx,1
toirtmheasc,titrate,v1a,1
toisigh,dimension,v2b,2
toitrigh,smoké,v2b,2
tolg,attack,v1a,1
toll,bore,v1a,1
tollánaigh,tunnel,v2a,2
tomhail,consume,v2c,2
tomhais,measure,v1b,1
tonach,wash,v1a,1
tonaigh,tone,v2a,2
tónáil,tone,v1c,1
tonn,billow,v1a,1
tonnchrith,vibrate,v1b,1
tóraigh,pursue,v2a,2
torc,torque,v1a,1
tomáil,tack,v1c,1
tórraigh,wake,v2a,2
torthaigh,fruit,v2a,2
tosaigh,begin,v2a,2
tosáil,toss,v1c,1
tost,become silent,v1a,1
tóstáil,toast,v1c,1
tothlaigh,desire,v2a,2
trácht1,travel,v1a,1
trácht2,mention,v1a,1
tráchtálaigh,commercialize,v2a,2
tráchtearraigh,commodify,v2a,2
trádáil,trade,v1c,1
trádmhalartaigh,trade off,v2a,2
traenáil,train,v1c,1
traetáil,treat,v1c,1
traibhleáil,travel,v1c,1
traiceáil,track,v1c,1
tráigh,ebb,v1d,1
trampáil,tramp,v1c,1
traoch,overcome,v1a,1
traoith,abate,v1b,1
traost,lay low,v1a,1
trasbhreac,crossplot,v1a,1
tras-chlóscríobh,transtype,v1a,1
traschuir,transfer,v1b,1
trascríobh,transcribe,v1a,1
traseol,transmit,v1a,1
trasfhoirmigh,transform,v2b,2
trasghalaigh,transpire,v2a,2
trasghluais,translocate,v1b,1
traslitrigh,transliterate,v2b,2
trasnaigh,cross,v2a,2
trasnáil,traverse,v1c,1
trasnánaigh,diagonalize,v2a,2
trasphlandaigh,transplant,v2a,2
trasuigh,transpose,v1h,1
trátháil,take advantage o£,v1c,1
tráthchláraigh,timetable,v2a,2
treabh,plow,v1a,1
treaghd,pierce,v1a,1
treáigh,pierce,v1d,1
trealmhaigh,fit out,v2a,2
treamhnaigh,curdle,v2a,2
tréanchosain,stonewall,v2c,2
tréanphlanc,slam-dunk,v1a,1
treapáin,trepan,v1bx,1
treascair,vanquish,v2c,2
tréaslaigh,congratulate,v2a,2
trébhliantaigh,perennate,v2a,2
tréghalaigh,transpire,v2a,2
tréig,abandon,v1b,1
treisigh,strengthen,v2b,2
tréithrigh,characterize,v2b,2
tréleath,profuse,v1a,1
treoraigh,guide,v2a,2
treoráil,sight,v1c,1
treoshuigh,orientate,v1h,1
tréthál,transude,v1a,1
triail,try,v1b,1
triailrith,bum in,v1b,1
triáiseáil,triage,v1c,1
triall,joumey,v1a,1
triantánaigh,triangulate,v2a,2
trilseánaigh,plait,v2a,2
trilsigh,braid,v2b,2
trimeáil,trim,v1c,1
trinseáil,trench,v1c,1
trinsigh,incise,v2b,2
triomaigh,dry,v2a,2
triosc,interrupt,v1a,1
tripsinigh,trypsinize,v2b,2
tríroinn,trisect,v1b,1
trochlaigh,break down,v2a,2
troid,fight,v1b,1
troisc,fast,v1b,1
troitheánaigh,pedal,v2a,2
trolláil,troll,v1c,1
tromaigh,become heavier,v2a,2
truaigh,emaciate,v1d,1
truaiUigh,corrupt,v2b,2
truaillmheasc,adulterate,v1a,1
truicear,trigger,v1a,1
trúig,cause,v1b,1
truipeáil,trip,v1c,1
truncáil,pack,v1c,1
trusád,truss,v1c,1
trust,trust,v1a,1
tuaigh,chop,v1d,1
tuáil,tow,v1c,1
tuairgneáU,bombard,v1c,1
tuairimigh,opine,v2b,2
tuairiscigh,report,v2b,2
tuairteáú,pound,v1c,1
tuar1,augur,v1a,1
tuar2,bleach,v1a,1
tuargain,pound,v2c,2
tuaslaig,solve,v1bx,1
tuasláitigh,solvate,v2b,2
tuathaigh,laicize,v2a,2
tuig,understand,v1b,1
tuU,flood,v1b,1
tuill,eam,v1b,1
tuUsoUsigh,floodlight,v2b,2
tuímigh,imbed,v2b,2
tuirling,descend,v2e,2
tuirsigh,tire,v2b,2
túisigh,incense,v2b,2
tuisligh,stumble,v2b,2
tuismigh,beget,v2b,2
tultit,prolapse,v1b,1
tum,dip,v1a,1
tursáU,truss,v1c,1
túsaigh,initialize,v2a,2
túschan,intone,v1a,1
tvuíteáil,tweet,v1c,1
uachtaigh,will,v2a,2
uachtaraigh,cream,v2a,2
uaim,unite,v1bx,1
uainigh,altemate,v2b,2
uaisligh,ennoble,v2b,2
ualaigh,load,v2a,2
uamhnaigh,frighten,v2a,2
uasaigh,sublimate,v2a,2
uaschéimnigh,step up,v2b,2
uasdátaigh,update,v2a,2
uasfhreang,unwarp,v1a,1
uasghrádaigh,upgrade,v2a,2
uaslódáil,upload,v1c,1
uasmharcáil,mark up,v1c,1
uasmhéadaigh,maximize,v2a,2
uath-athshlánaigh,autorecover,v2a,2
uathcheartaigh,autocorrect,v2a,2
uathfholaigh,autohide,v2a,2
uathfhormáidigh,autoformat,v2b,2
uathfhuaimnigh,cipher,v2b,2
uathinnéacsaigh,autoindex,v2a,2
uathoibrigh,automate,v2b,2
uathoiriúnaigh,autofit,v2a,2
uathrith,autorun,v1b,1
uathsheinn,autoplay,v1b,1
uathshlánaigh,autorecover,v2a,2
uathshuimigh,autosum,v2b,2
ubhsceith,ovulate,v1b,1
úc,tuck,v1a,1
uchtaigh,adopt,v2a,2
údaraigh,authorize,v2a,2
uiligh,universalize,v2b,2
úim,hamess,v1bx,1
uimhrigh,number,v2b,2
uirísligh,humble,v2b,2
uiscigh,water,v2b,2
ullmhaigh,prepare,v2a,2
umhlaigh,humble,v2a,2
ung,anoint,v1a,1
uraigh,eclipse,v2a,2
úraigh,freshen,v2a,2
urbhac,estop,v1a,1
urbhruith,decoct,v1b,1
urchoill,inhibit,v1b,1
urchoisc,bar,v1b,1
urghabh,seize,v1a,1
urghair,prohibit,v1b,1
urghairdigh,entertain,v2b,2
urghráinigh,loathe,v2b,2
urlaic,vomit,v1bx,1
urraigh,secure,v2a,2
urramaigh,respect,v2a,2
urrúsaigh,securitize,v2a,2
urscaoil,discharge,v1b,1
úsáid,use,v1b,1
úsc,ooze,v1a,1
vacsainigh,vaccinate,v2b,2
válsáil,waltz,v1c,1
vástáil,waste,v1c,1
vearnaiseáil,varnish,v1c,1
veinirigh,veneer,v2b,2
vótáil,vote,v1c,1
xéaracsáil,xerox,v1c,1
X-ghathaigh,X-ray,v2a,2
zaipeáil,zap,v1c,1
zipeáil,zip,v1c,1
zónáil,zone,v1c,1
zúmáil,zoom,v1c,1